	Unnamed: 0	Unnamed: 0.1	Unnamed: 0.1	Unnamed: 0.1.1	GPS Time	 Device Time	 Longitude	 Latitude	GPS Speed (Meters/second)	 Horizontal Dilution of Precision	 Altitude	 Bearing	 G(x)	 G(y)	 G(z)	 G(calibrated)	Speed (GPS)(km/h)	Acceleration Sensor(Total)(g)	Engine RPM(rpm)	Engine Load(%)	Throttle Position(Manifold)(%)	Engine Coolant Temperature(Â°C)	Road Structure	Driver Name	Behaviour	Overspeeding
0	0	10	10	10	Tue Nov 01 16:44:16 GMT+08:00 2016	01-Nov-2016 16:44:15.036	103.326111667	2.02806166667	1.8576325	2.1	39.4	237.52	-0.232	0.155	9.836	0.022053659	6.68747711182	0.0220536589622	1087.75	17.6470584869	12.5490198135	91.0	Straight Road	Ng Jin Boon	Good	0
1	1	11	11	11	Tue Nov 01 16:44:17 GMT+08:00 2016	01-Nov-2016 16:44:16.036	103.326091667	2.02805166667	2.6708937	2.2	39.6	236.94	-0.301	-0.79	9.927	0.03458947	9.61521720886	0.0345894694328	1048.5	20.0	9.80392169952	91.0	Straight Road	Ng Jin Boon	Good	0
2	2	12	12	12	Tue Nov 01 16:44:18 GMT+08:00 2016	01-Nov-2016 16:44:17.036	103.326071667	2.02804166667	2.877812	2.2	39.7	239.3	-0.279	-0.557	10.218	0.06252426	10.3601226807	0.0625242590904	857.5	26.2745094299	9.80392169952	91.0	Straight Road	Ng Jin Boon	Good	0
3	3	13	13	13	Tue Nov 01 16:44:19 GMT+08:00 2016	01-Nov-2016 16:44:18.035	103.326051667	2.02803	2.405297	2.3	39.9	234.22	0.089	0.647	9.854	0.025688946	8.65906906128	0.0256889462471	701.0	25.0980396271	9.80392169952	91.0	Straight Road	Ng Jin Boon	Good	0
4	4	14	14	14	Tue Nov 01 16:44:20 GMT+08:00 2016	01-Nov-2016 16:44:19.036	103.326035	2.02801833333	1.969842	2.3	39.9	227.24	-0.137	-0.5	9.906	0.030167878	7.09143066406	0.0301678776741	738.75	25.490196228	9.80392169952	91.0	Straight Road	Ng Jin Boon	Good	0
5	5	15	15	15	Tue Nov 01 16:44:21 GMT+08:00 2016	01-Nov-2016 16:44:20.036	103.326026667	2.02801333333	0.9578981	2.4	39.9	222.87	-0.005	0.83	9.87	0.02866751	3.44843292236	0.0286675095558	750.5	25.0980396271	9.80392169952	91.0	Straight Road	Ng Jin Boon	Good	0
6	6	16	16	16	Tue Nov 01 16:44:22 GMT+08:00 2016	01-Nov-2016 16:44:21.036	103.32602	2.02801166667	0.46891195	2.4	40.0	217.15	0.005	0.535	9.72	0.018851902	1.68808293343	0.0188519023359	753.0	24.7058830261	9.80392169952	91.0	Straight Road	Ng Jin Boon	Good	0
7	7	17	17	17	Tue Nov 01 16:44:23 GMT+08:00 2016	01-Nov-2016 16:44:22.035	103.326016667	2.02801166667	0.0	2.4	40.0	220.77	-0.022	0.463	9.875	0.026734173	0.0	0.0267341732979	748.0	24.7058830261	9.80392169952	91.0	Straight Road	Ng Jin Boon	Good	0
8	8	18	18	18	Tue Nov 01 16:44:24 GMT+08:00 2016	01-Nov-2016 16:44:23.035	103.326015	2.02801333333	0.0	2.4	40.1	246.07	-0.052	0.492	9.729	0.012024522	0.0	0.0120245218277	751.75	24.3137264252	9.80392169952	91.0	Straight Road	Ng Jin Boon	Good	0
9	9	19	19	19	Tue Nov 01 16:44:25 GMT+08:00 2016	01-Nov-2016 16:44:24.036	103.326015	2.028015	0.0	2.4	40.1	230.73	-0.014	0.766	9.827	0.023772538	0.0	0.0237725377083	752.5	25.490196228	9.80392169952	91.0	Straight Road	Ng Jin Boon	Good	0
10	10	20	20	20	Tue Nov 01 16:44:26 GMT+08:00 2016	01-Nov-2016 16:44:25.035	103.326015	2.028015	0.0	2.5	40.1	230.73	0.056	2.341	9.528	0.019156277	0.0	0.0191562771797	755.5	50.9803924561	18.0392150879	91.0	Straight Road	Ng Jin Boon	Good	0
11	11	21	21	21	Tue Nov 01 16:44:27 GMT+08:00 2016	01-Nov-2016 16:44:26.036	103.326015	2.028015	0.0	2.5	40.1	230.73	-0.005	2.11	9.529	0.013884187	0.0	0.0138841867447	1500.75	45.8823547363	18.4313735962	91.0	Straight Road	Ng Jin Boon	Good	0
12	12	22	22	22	Tue Nov 01 16:44:28 GMT+08:00 2016	01-Nov-2016 16:44:27.044	103.326015	2.028015	0.0	2.5	40.1	230.73	-0.679	1.996	9.566	0.017530143	0.0	0.017530143261	1538.25	47.8431396484	20.7843132019	91.0	Straight Road	Ng Jin Boon	Good	0
13	13	23	23	23	Tue Nov 01 16:44:29 GMT+08:00 2016	01-Nov-2016 16:44:28.036	103.325978333	2.02800333333	1.9569739	2.5	40.4	219.57	-0.598	1.828	9.569	0.013941526	7.04510593414	0.013941526413	1731.75	51.3725509644	21.1764717102	91.0	Straight Road	Ng Jin Boon	Good	0
14	14	24	24	24	Tue Nov 01 16:44:30 GMT+08:00 2016	01-Nov-2016 16:44:29.036	103.325958333	2.02798333333	3.2947369	2.5	40.3	216.16	-0.879	1.416	9.905	0.042877376	11.8610525131	0.0428773760796	2058.25	46.6666679382	21.1764717102	91.0	Straight Road	Ng Jin Boon	Good	0
15	15	25	25	25	Tue Nov 01 16:44:31 GMT+08:00 2016	01-Nov-2016 16:44:30.037	103.325931667	2.027955	4.5594096	2.6	40.1	213.31	-0.563	1.373	9.709	0.02019769	16.4138736725	0.0201976895332	1743.75	54.1176490784	21.1764717102	91.0	Straight Road	Ng Jin Boon	Good	0
16	16	26	26	26	Tue Nov 01 16:44:32 GMT+08:00 2016	01-Nov-2016 16:44:31.036	103.325896667	2.02791333333	6.1735783	2.6	40.0	214.13	-0.043	1.169	9.413	-0.014087856	22.2248802185	-0.0140878558159	1716.75	53.3333358765	21.1764717102	91.0	Straight Road	Ng Jin Boon	Good	0
17	17	27	27	27	Tue Nov 01 16:44:33 GMT+08:00 2016	01-Nov-2016 16:44:32.036	103.325855	2.02786	7.6451693	2.6	39.8	213.57	0.68	1.209	10.026	0.050753295	27.5226078033	0.0507532954216	1797.25	51.764705658	21.1764717102	91.0	Straight Road	Ng Jin Boon	Good	0
18	18	28	28	28	Tue Nov 01 16:44:34 GMT+08:00 2016	01-Nov-2016 16:44:33.035	103.325808333	2.0278	8.271586	2.6	39.6	214.74	0.193	1.006	9.65	0.0082165	29.7777099609	0.00821650028229	1841.5	51.764705658	21.1764717102	91.0	Straight Road	Ng Jin Boon	Good	0
19	19	29	29	29	Tue Nov 01 16:44:35 GMT+08:00 2016	01-Nov-2016 16:44:34.035	103.325758333	2.02773666667	8.82903	2.6	39.5	214.35	0.735	1.091	9.942	0.041288674	31.7845077515	0.0412886738777	1918.5	49.0196075439	21.1764717102	91.0	Straight Road	Ng Jin Boon	Good	0
20	20	30	30	30	Tue Nov 01 16:44:36 GMT+08:00 2016	01-Nov-2016 16:44:35.036	103.325703333	2.02767	9.624791	2.6	39.5	215.08	0.073	0.743	9.712	0.011930943	34.6492462158	0.0119309425354	2038.25	36.0784301758	18.0392150879	91.0	Straight Road	Ng Jin Boon	Good	0
21	21	31	31	31	Tue Nov 01 16:44:37 GMT+08:00 2016	01-Nov-2016 16:44:36.036	103.32564	2.02759833333	10.043775	2.6	39.4	215.54	0.096	0.893	9.933	0.03566891	36.1575889587	0.0356689095497	1927.25	42.745098114	18.0392150879	91.0	Straight Road	Ng Jin Boon	Good	0
22	22	32	32	32	Tue Nov 01 16:44:38 GMT+08:00 2016	01-Nov-2016 16:44:37.036	103.325576667	2.02752333333	10.454008	2.6	39.4	215.48	0.462	0.741	10.066	0.04894954	37.6344299316	0.0489495396614	1575.0	41.9607849121	18.0392150879	91.0	Straight Road	Ng Jin Boon	Good	0
23	23	33	33	33	Tue Nov 01 16:44:39 GMT+08:00 2016	01-Nov-2016 16:44:38.035	103.325515	2.027445	10.5523205	2.6	39.5	215.99	0.63	0.712	9.675	0.009988546	37.9883537292	0.00998854637146	1447.25	45.490196228	18.4313735962	91.0	Straight Road	Ng Jin Boon	Good	0
24	24	34	34	34	Tue Nov 01 16:44:40 GMT+08:00 2016	01-Nov-2016 16:44:39.037	103.325456667	2.02736333333	10.695413	2.6	39.3	214.99	0.01	0.824	9.127	-0.046838403	38.5034828186	-0.0468384027481	1505.25	46.6666679382	18.8235301971	91.0	Straight Road	Ng Jin Boon	Good	0
25	25	35	35	35	Tue Nov 01 16:44:41 GMT+08:00 2016	01-Nov-2016 16:44:40.036	103.325398333	2.02728	11.088146	2.7	39.1	214.63	0.257	0.539	9.016	-0.059924364	39.9173240662	-0.05992436409	1505.25	46.6666679382	18.8235301971	91.0	Straight Road	Ng Jin Boon	Good	0
26	26	36	36	36	Tue Nov 01 16:44:42 GMT+08:00 2016	01-Nov-2016 16:44:41.036	103.325335	2.027195	11.102043	2.7	38.9	216.17	0.798	0.107	9.483	-0.016589837	39.9673538208	-0.0165898371488	1571.5	36.8627471924	13.7254905701	91.0	Straight Road	Ng Jin Boon	Good	0
27	27	37	37	37	Tue Nov 01 16:44:43 GMT+08:00 2016	01-Nov-2016 16:44:42.035	103.325273333	2.02711	11.12778	2.7	38.8	216.89	1.064	-0.177	10.503	0.0952732	40.060005188	0.0952731966972	1518.25	10.1960783005	9.80392169952	91.0	Straight Road	Ng Jin Boon	Good	0
28	28	38	38	38	Tue Nov 01 16:44:44 GMT+08:00 2016	01-Nov-2016 16:44:43.039	103.32521	2.02702166667	11.8602295	2.7	38.9	216.58	0.618	-0.22	10.104	0.051137865	42.6968269348	0.0541147589684	1488.25	10.1960783005	9.80392169952	91.0	Straight Road	Ng Jin Boon	Good	0
29	29	39	39	39	Tue Nov 01 16:44:45 GMT+08:00 2016	01-Nov-2016 16:44:44.035	103.325141667	2.02693333333	12.365172	2.8	39.0	216.94	0.65	-1.179	9.997	0.047261536	44.5146179199	0.0472615361214	1093.75	11.372549057	9.80392169952	91.0	Straight Road	Ng Jin Boon	Good	0
30	30	40	40	40	Tue Nov 01 16:44:46 GMT+08:00 2016	01-Nov-2016 16:44:45.037	103.325073333	2.02684666667	12.207152	2.8	38.9	217.72	0.34	-0.204	9.872	0.016974341	43.9457473755	0.0169743411243	1026.75	18.8235301971	9.80392169952	91.0	Straight Road	Ng Jin Boon	Good	0
31	31	41	41	41	Tue Nov 01 16:44:47 GMT+08:00 2016	01-Nov-2016 16:44:46.036	103.325006667	2.02675166667	11.642502	2.8	39.1	218.84	0.321	-0.736	9.175	-0.042155147	41.9130058289	-0.0421551465988	1011.5	18.8235301971	9.80392169952	91.0	Straight Road	Ng Jin Boon	Good	0
32	32	42	42	42	Tue Nov 01 16:44:48 GMT+08:00 2016	01-Nov-2016 16:44:47.036	103.324938333	2.02667	11.3712435	2.8	38.9	219.98	-0.025	-1.2	9.311	-0.024013042	40.9364738464	-0.058637201786	989.75	18.0392150879	9.80392169952	91.0	Straight Road	Ng Jin Boon	Good	0
33	33	43	43	43	Tue Nov 01 16:44:49 GMT+08:00 2016	01-Nov-2016 16:44:48.036	103.32487	2.02659166667	11.09947	2.8	38.6	218.77	0.463	-0.897	10.561	0.10046095	39.9580917358	0.10046094656	962.25	18.8235301971	9.80392169952	91.0	Straight Road	Ng Jin Boon	Good	0
34	34	44	44	44	Tue Nov 01 16:44:50 GMT+08:00 2016	01-Nov-2016 16:44:49.036	103.324808333	2.02651166667	10.736076	2.9	38.3	216.8	0.461	-1.28	10.312	0.07928115	38.6498756409	0.0702390819788	927.0	19.607843399	9.80392169952	91.0	Straight Road	Ng Jin Boon	Good	0
35	35	45	45	45	Tue Nov 01 16:44:51 GMT+08:00 2016	01-Nov-2016 16:44:50.037	103.324748333	2.02643666667	10.858066	2.9	38.1	216.77	0.99	-1.047	11.375	0.18779737	39.0890350342	0.187797367573	883.5	21.1764717102	9.80392169952	91.0	Straight Road	Ng Jin Boon	Good	0
36	36	46	46	46	Tue Nov 01 16:44:52 GMT+08:00 2016	01-Nov-2016 16:44:51.036	103.32469	2.026365	9.789502	2.9	38.1	218.69	0.279	-1.82	10.005	0.056004703	35.2422065735	0.0560047030449	802.0	22.745098114	9.80392169952	91.0	Straight Road	Ng Jin Boon	Good	0
37	37	47	47	47	Tue Nov 01 16:44:53 GMT+08:00 2016	01-Nov-2016 16:44:52.036	103.324636667	2.02630166667	8.414165	2.9	38.0	218.21	-0.577	-1.094	10.047	0.050890267	30.2909908295	0.0508902668953	700.25	25.0980396271	9.80392169952	92.0	Straight Road	Ng Jin Boon	Good	0
38	38	48	48	48	Tue Nov 01 16:44:54 GMT+08:00 2016	01-Nov-2016 16:44:53.036	103.324595	2.02624666667	7.0367675	2.9	37.6	215.78	-1.452	-1.14	10.144	0.07003039	25.3323631287	0.0700303912163	660.5	35.2941169739	9.80392169952	92.0	Straight Road	Ng Jin Boon	Good	0
39	39	49	49	49	Tue Nov 01 16:44:55 GMT+08:00 2016	01-Nov-2016 16:44:54.036	103.324568333	2.0262	5.90232	2.9	37.4	206.28	-2.087	0.098	9.873	0.04771	21.2483520508	0.0477100014687	880.25	29.0196075439	9.80392169952	92.0	Corner	Ng Jin Boon	Good	0
40	40	50	50	50	Tue Nov 01 16:44:56 GMT+08:00 2016	01-Nov-2016 16:44:55.037	103.324548333	2.02615	5.67996	2.9	37.2	193.95	-2.373	0.102	9.525	0.01968056	20.4478549957	0.0196805596352	871.0	28.235294342	9.80392169952	92.0	Corner	Ng Jin Boon	Good	0
41	41	51	51	51	Tue Nov 01 16:44:57 GMT+08:00 2016	01-Nov-2016 16:44:56.036	103.324548333	2.0261	5.6804743	2.9	37.1	177.84	-0.316	0.207	9.589	-0.0027698874	20.4497070312	-0.00276988744736	887.25	21.1764717102	9.80392169952	92.0	Corner	Ng Jin Boon	Good	0
42	42	52	52	52	Tue Nov 01 16:44:58 GMT+08:00 2016	01-Nov-2016 16:44:57.036	103.32456	2.02605166667	5.5188518	3.0	36.8	164.19	0.327	0.685	9.587	-0.0006736517	19.8678665161	-0.000673651695251	931.25	39.2156867981	15.6862745285	92.0	Corner	Ng Jin Boon	Good	0
43	43	53	53	53	Tue Nov 01 16:44:59 GMT+08:00 2016	01-Nov-2016 16:44:58.035	103.32458	2.02600666667	5.6712093	3.0	36.5	157.38	0.993	1.101	9.745	0.023805559	20.4163532257	0.0238055586815	1322.25	49.8039207458	15.6862745285	92.0	Straight Road	Ng Jin Boon	Good	0
44	44	54	54	54	Tue Nov 01 16:45:00 GMT+08:00 2016	01-Nov-2016 16:44:59.036	103.324606667	2.025955	6.2250504	3.1	36.3	153.38	0.511	1.073	9.577	0.002736926	22.4101810455	0.0027369260788	1628.0	50.1960792542	20.0	92.0	Straight Road	Ng Jin Boon	Good	0
45	45	55	55	55	Tue Nov 01 16:45:01 GMT+08:00 2016	01-Nov-2016 16:45:00.036	103.324633333	2.02590166667	6.7253604	3.1	36.3	153.59	0.821	1.049	9.654	0.012421846	24.2112960815	0.0124218463898	1631.75	54.509803772	21.9607849121	92.0	Straight Road	Ng Jin Boon	Good	0
46	46	56	56	56	Tue Nov 01 16:45:02 GMT+08:00 2016	01-Nov-2016 16:45:01.036	103.324665	2.025835	7.9092216	3.1	36.8	157.55	1.566	1.313	8.693	-0.07070631	28.473197937	-0.070706307888	1768.5	56.8627471924	21.9607849121	92.0	Straight Road	Ng Jin Boon	Good	0
47	47	57	57	57	Tue Nov 01 16:45:03 GMT+08:00 2016	01-Nov-2016 16:45:02.036	103.324691667	2.02576666667	8.271586	3.1	37.1	162.29	1.1	1.186	10.488	0.072409265	29.7777099609	0.0724092647433	1775.25	56.0784339905	22.3529415131	92.0	Straight Road	Ng Jin Boon	Good	0
48	48	58	58	58	Tue Nov 01 16:45:04 GMT+08:00 2016	01-Nov-2016 16:45:03.035	103.32471	2.025695	8.82028	3.1	37.4	166.59	1.142	1.036	9.629	0.013054132	31.7530078888	0.0130541324615	1764.75	56.4705886841	22.3529415131	92.0	Curve Road	Ng Jin Boon	Good	0
49	49	59	59	59	Tue Nov 01 16:45:05 GMT+08:00 2016	01-Nov-2016 16:45:04.036	103.324721667	2.02561166667	9.586186	3.1	37.7	175.44	0.513	0.931	9.641	0.0077281	34.510269165	0.007728099823	1781.25	56.0784339905	22.3529415131	91.0	Curve Road	Ng Jin Boon	Good	0
50	50	60	60	60	Tue Nov 01 16:45:06 GMT+08:00 2016	01-Nov-2016 16:45:05.036	103.324723333	2.02552166667	10.324813	3.1	37.8	182.76	0.238	1.097	9.954	0.04011053	37.1693267822	0.0401105284691	1777.75	56.4705886841	22.3529415131	91.0	Curve Road	Ng Jin Boon	Good	0
51	51	61	61	61	Tue Nov 01 16:45:07 GMT+08:00 2016	01-Nov-2016 16:45:06.036	103.324715	2.025425	10.958436	3.1	37.9	185.93	-0.002	0.894	10.004	0.042839587	39.4503669739	0.0428395867348	1784.75	56.0784339905	22.3529415131	91.0	Curve Road	Ng Jin Boon	Good	0
52	52	62	62	62	Tue Nov 01 16:45:08 GMT+08:00 2016	01-Nov-2016 16:45:07.035	103.324701667	2.02532333333	11.582279	3.0	38.0	188.54	-0.193	0.193	10.478	0.08745605	41.6962051392	0.0874560475349	1718.75	15.2941179276	9.80392169952	91.0	Curve Road	Ng Jin Boon	Good	1
53	53	63	63	63	Tue Nov 01 16:45:09 GMT+08:00 2016	01-Nov-2016 16:45:08.036	103.324686667	2.025215	11.700665	3.0	38.1	190.4	0.342	-0.058	10.407	0.08044535	42.1223945618	0.0804453492165	1398.0	14.509803772	9.80392169952	91.0	Curve Road	Ng Jin Boon	Good	1
54	54	64	64	64	Tue Nov 01 16:45:10 GMT+08:00 2016	01-Nov-2016 16:45:09.036	103.324668333	2.02510666667	11.521543	3.0	38.1	190.95	-0.023	0.08	10.146	0.05328554	41.4775505066	0.0532855391502	1384.5	14.9019613266	12.5490198135	91.0	Curve Road	Ng Jin Boon	Good	1
55	55	65	65	65	Tue Nov 01 16:45:11 GMT+08:00 2016	01-Nov-2016 16:45:10.036	103.324651667	2.02500333333	11.132412	2.9	37.8	189.33	-0.627	0.506	9.183	-0.041318297	40.0766830444	-0.0413182973862	1384.5	23.5294113159	10.9803924561	91.0	Curve Road	Ng Jin Boon	Good	1
56	56	66	66	66	Tue Nov 01 16:45:12 GMT+08:00 2016	01-Nov-2016 16:45:11.035	103.32464	2.02490166667	10.813799	2.9	37.7	187.0	-0.894	0.132	10.118	0.05450219	38.9296760559	0.0545021891594	1324.0	17.6470584869	10.9803924561	91.0	Curve Road	Ng Jin Boon	Good	0
57	57	67	67	67	Tue Nov 01 16:45:13 GMT+08:00 2016	01-Nov-2016 16:45:12.038	103.32463	2.024805	10.56107	2.9	37.6	184.71	-1.616	0.148	9.946	0.046269476	38.0198516846	0.0462694764137	1304.0	15.6862745285	10.9803924561	91.0	Curve Road	Ng Jin Boon	Good	0
58	58	68	68	68	Tue Nov 01 16:45:14 GMT+08:00 2016	01-Nov-2016 16:45:13.036	103.324626667	2.02470833333	10.576512	3.0	37.3	180.57	-0.419	0.6	9.927	0.023745067	38.0754432678	0.0237450674176	1283.75	17.254901886	14.509803772	90.0	Curve Road	Ng Jin Boon	Good	0
59	59	69	69	69	Tue Nov 01 16:45:15 GMT+08:00 2016	01-Nov-2016 16:45:14.036	103.324631667	2.02461333333	10.276944	3.0	37.5	174.75	-0.688	0.424	9.733	0.01456511	36.9969978333	0.0145651102066	1396.0	28.627450943	14.509803772	90.0	Curve Road	Ng Jin Boon	Good	0
60	60	70	70	70	Tue Nov 01 16:45:16 GMT+08:00 2016	01-Nov-2016 16:45:15.036	103.324641667	2.02452	10.370109	3.0	38.0	170.18	-0.596	0.623	9.958	0.037884176	37.3323898315	0.0378841757774	1396.0	29.4117660522	14.9019613266	90.0	Curve Road	Ng Jin Boon	Good	0
61	61	71	71	71	Tue Nov 01 16:45:17 GMT+08:00 2016	01-Nov-2016 16:45:16.036	103.32466	2.02442666667	10.372168	3.0	38.6	166.36	-1.066	0.63	9.447	-0.009766161	37.3398017883	-0.0097661614418	1337.0	30.9803924561	14.9019613266	90.0	Curve Road	Ng Jin Boon	Good	0
62	62	72	72	72	Tue Nov 01 16:45:18 GMT+08:00 2016	01-Nov-2016 16:45:17.036	103.324686667	2.024335	10.354153	3.0	38.8	161.97	-0.759	0.393	9.796	0.021366537	37.2749481201	0.0213665366173	1358.75	30.9803924561	14.9019613266	90.0	Curve Road	Ng Jin Boon	Good	0
63	63	73	73	73	Tue Nov 01 16:45:19 GMT+08:00 2016	01-Nov-2016 16:45:18.036	103.324726667	2.02424333333	10.816888	3.0	38.5	156.54	-0.232	0.29	9.926	0.031532586	38.9407958984	0.0315325856209	1360.5	30.5882358551	14.9019613266	90.0	Curve Road	Ng Jin Boon	Good	0
64	64	74	74	74	Tue Nov 01 16:45:20 GMT+08:00 2016	01-Nov-2016 16:45:19.036	103.324776667	2.02415166667	11.073734	3.0	38.4	152.05	-0.549	0.283	9.859	0.025965154	39.8654441833	0.025965154171	1338.25	12.1568632126	10.9803924561	90.0	Curve Road	Ng Jin Boon	Good	0
65	65	75	75	75	Tue Nov 01 16:45:21 GMT+08:00 2016	01-Nov-2016 16:45:20.036	103.324828333	2.024065	11.066527	3.0	38.4	149.34	-0.565	-0.215	10.09	0.04938668	39.8394966125	0.0493866801262	1276.75	9.80392169952	10.5882358551	90.0	Curve Road	Ng Jin Boon	Good	0
66	66	76	76	76	Tue Nov 01 16:45:22 GMT+08:00 2016	01-Nov-2016 16:45:21.036	103.324881667	2.02397833333	11.096382	3.0	38.4	148.77	-0.362	-0.045	9.717	0.010217547	39.946975708	0.0102175474167	1131.5	9.80392169952	9.80392169952	90.0	Curve Road	Ng Jin Boon	Good	0
67	67	77	77	77	Tue Nov 01 16:45:23 GMT+08:00 2016	01-Nov-2016 16:45:22.039	103.324943333	2.02389666667	11.009909	3.1	38.6	144.22	-0.234	0.0	10.093	0.04812461	39.6356697083	0.0481246113777	1151.25	10.1960783005	9.80392169952	90.0	Curve Road	Ng Jin Boon	Good	0
68	68	78	78	78	Tue Nov 01 16:45:24 GMT+08:00 2016	01-Nov-2016 16:45:23.037	103.325006667	2.02381833333	10.757179	3.1	38.9	142.64	-1.052	-0.053	10.265	0.07087582	38.7258453369	0.0708758234978	1108.0	10.5882358551	9.80392169952	90.0	Curve Road	Ng Jin Boon	Good	0
69	69	79	79	79	Tue Nov 01 16:45:25 GMT+08:00 2016	01-Nov-2016 16:45:24.035	103.325075	2.023745	10.746885	3.1	38.8	137.11	-0.284	-0.858	10.075	0.050137103	38.688785553	0.0501371026039	1197.25	10.5882358551	9.80392169952	90.0	Curve Road	Ng Jin Boon	Good	0
70	70	80	80	80	Tue Nov 01 16:45:26 GMT+08:00 2016	01-Nov-2016 16:45:25.036	103.325141667	2.02367833333	10.487465	3.1	38.7	134.62	-0.235	0.277	9.766	0.015203118	37.7548713684	0.0152031183243	1081.25	14.9019613266	9.80392169952	90.0	Curve Road	Ng Jin Boon	Good	0
71	71	81	81	81	Tue Nov 01 16:45:27 GMT+08:00 2016	01-Nov-2016 16:45:26.035	103.325215	2.023615	10.501878	3.1	38.7	133.69	0.092	-0.863	9.689	0.010620058	37.8067588806	0.0106200575829	1117.0	15.2941179276	9.80392169952	90.0	Straight Road	Ng Jin Boon	Good	0
72	72	82	82	82	Tue Nov 01 16:45:28 GMT+08:00 2016	01-Nov-2016 16:45:27.036	103.325286667	2.02355166667	10.287238	3.1	38.6	132.27	0.583	-0.213	9.702	0.010012567	37.0340576172	0.0100125670433	1083.0	15.2941179276	9.80392169952	90.0	Straight Road	Ng Jin Boon	Good	0
73	73	83	83	83	Tue Nov 01 16:45:29 GMT+08:00 2016	01-Nov-2016 16:45:28.038	103.325358333	2.02349166667	10.31143	3.1	38.9	132.07	0.405	-0.469	9.637	0.00339365	37.1211471558	0.00339365005493	1100.75	15.2941179276	9.80392169952	90.0	Straight Road	Ng Jin Boon	Good	0
74	74	84	84	84	Tue Nov 01 16:45:30 GMT+08:00 2016	01-Nov-2016 16:45:29.036	103.325428333	2.02343	10.186868	3.1	39.2	133.12	0.221	-0.949	9.779	0.020776212	36.6727218628	0.0207762122154	1078.5	15.6862745285	9.80392169952	90.0	Straight Road	Ng Jin Boon	Good	0
75	75	85	85	85	Tue Nov 01 16:45:31 GMT+08:00 2016	01-Nov-2016 16:45:30.036	103.325495	2.02337	9.738544	3.1	39.2	133.29	0.53	-1.552	9.954	0.047358572	35.058757782	0.0473585724831	1054.5	15.6862745285	9.80392169952	90.0	Straight Road	Ng Jin Boon	Good	0
76	76	86	86	86	Tue Nov 01 16:45:32 GMT+08:00 2016	01-Nov-2016 16:45:31.035	103.325563333	2.02330833333	9.287133	3.0	38.7	132.81	0.339	-1.591	10.545	0.10663849	33.4336776733	0.106638491154	984.5	17.254901886	9.80392169952	90.0	Straight Road	Ng Jin Boon	Good	0
77	77	87	87	87	Tue Nov 01 16:45:33 GMT+08:00 2016	01-Nov-2016 16:45:32.036	103.325625	2.023255	8.813588	3.0	38.7	133.07	0.572	-1.724	10.146	0.06969434	31.7289161682	0.069694340229	899.75	19.607843399	9.80392169952	90.0	Straight Road	Ng Jin Boon	Good	0
78	78	88	88	88	Tue Nov 01 16:45:34 GMT+08:00 2016	01-Nov-2016 16:45:33.036	103.325681667	2.02320333333	7.515974	2.9	38.6	133.27	-0.041	-2.33	10.387	0.10413784	27.0575065613	0.111656606197	727.0	19.607843399	9.80392169952	89.0	Straight Road	Ng Jin Boon	Good	0
79	79	89	89	89	Tue Nov 01 16:45:35 GMT+08:00 2016	01-Nov-2016 16:45:34.036	103.325726667	2.02316	6.385129	2.9	38.6	135.2	-0.024	-1.002	10.091	0.052705705	22.9864635468	0.0527057051659	774.75	19.2156867981	9.80392169952	89.0	Straight Road	Ng Jin Boon	Good	0
80	80	90	90	90	Tue Nov 01 16:45:36 GMT+08:00 2016	01-Nov-2016 16:45:35.035	103.325758333	2.02312833333	4.9758196	3.0	38.5	132.76	-0.016	-0.175	9.902	0.028537095	17.9129505157	0.028537094593	748.25	25.490196228	9.80392169952	89.0	Intersection	Ng Jin Boon	Good	0
81	81	91	91	91	Tue Nov 01 16:45:37 GMT+08:00 2016	01-Nov-2016 16:45:36.062	103.32578	2.02310833333	3.4054022	3.0	38.8	131.08	0.168	-0.187	9.981	0.036753833	12.2594470978	0.0273868441582	686.75	25.490196228	9.80392169952	89.0	Intersection	Ng Jin Boon	Good	0
82	82	92	92	92	Tue Nov 01 16:45:38 GMT+08:00 2016	01-Nov-2016 16:45:37.037	103.32579	2.0231	1.9199139	3.0	39.3	127.91	0.417	0.685	10.039	0.045603335	6.9116897583	0.0456033349037	687.5	23.9215698242	9.80392169952	89.0	Intersection	Ng Jin Boon	Good	0
83	83	93	93	93	Tue Nov 01 16:45:39 GMT+08:00 2016	01-Nov-2016 16:45:38.036	103.325791667	2.0231	0.0	3.0	39.8	127.91	-0.338	1.646	9.697	0.022212207	0.0	0.0222122073174	1094.5	36.8627471924	14.9019613266	89.0	Intersection	Ng Jin Boon	Good	0
84	84	94	94	94	Tue Nov 01 16:45:40 GMT+08:00 2016	01-Nov-2016 16:45:39.035	103.325798333	2.0231	0.0	2.9	40.4	127.91	-0.803	1.632	10.289	0.08408946	0.0	0.0840894579887	1291.5	45.0980415344	15.6862745285	90.0	Intersection	Ng Jin Boon	Good	0
85	85	95	95	95	Tue Nov 01 16:45:41 GMT+08:00 2016	01-Nov-2016 16:45:40.036	103.325808333	2.02309666667	0.0	3.0	40.5	127.91	-1.205	1.176	9.798	0.03241688	0.0	0.0324168801308	1459.75	43.9215698242	17.6470584869	90.0	Intersection	Ng Jin Boon	Good	0
86	86	96	96	96	Tue Nov 01 16:45:42 GMT+08:00 2016	01-Nov-2016 16:45:41.035	103.325808333	2.02309666667	0.0	2.9	40.5	127.91	-1.431	2.026	9.858	0.055214465	0.0	0.0552144646645	1521.0	54.9019622803	21.5686283112	90.0	Intersection	Ng Jin Boon	Good	0
87	87	97	97	97	Tue Nov 01 16:45:43 GMT+08:00 2016	01-Nov-2016 16:45:42.036	103.325863333	2.02309	2.953991	2.9	41.0	82.62	0.139	2.14	9.543	0.016042829	10.6343669891	0.0160428285599	1917.75	55.6862754822	26.2745094299	90.0	Intersection	Ng Jin Boon	Good	0
88	88	98	98	98	Tue Nov 01 16:45:44 GMT+08:00 2016	01-Nov-2016 16:45:43.036	103.325891667	2.02310166667	3.7178385	2.9	40.8	67.94	0.697	2.148	9.409	0.0053616166	13.3842182159	0.00536161661148	2353.75	60.7843132019	27.0588245392	90.0	Intersection	Ng Jin Boon	Good	0
89	89	99	99	99	Tue Nov 01 16:45:45 GMT+08:00 2016	01-Nov-2016 16:45:44.036	103.325933333	2.02312333333	5.127148	2.9	40.8	62.16	0.681	1.543	10.082	0.061008155	18.4577331543	0.0610081553459	2888.25	62.3529434204	27.0588245392	90.0	Straight Road	Ng Jin Boon	Good	0
90	90	100	100	100	Tue Nov 01 16:45:46 GMT+08:00 2016	01-Nov-2016 16:45:45.036	103.326003333	2.02316333333	8.345191	2.9	41.0	63.4	0.715	1.283	9.829	0.032061756	30.0426864624	0.0320617556572	2043.0	61.9607849121	27.0588245392	89.0	Straight Road	Ng Jin Boon	Good	0
91	91	101	101	101	Tue Nov 01 16:45:47 GMT+08:00 2016	01-Nov-2016 16:45:46.036	103.32608	2.02321	9.8970785	2.9	41.2	61.6	0.414	1.721	9.899	0.044537332	35.6294822693	0.0445373319089	2293.5	62.3529434204	27.4509811401	89.0	Straight Road	Ng Jin Boon	Good	0
92	92	102	102	102	Tue Nov 01 16:45:48 GMT+08:00 2016	01-Nov-2016 16:45:47.038	103.326166667	2.02326166667	11.218885	2.9	41.6	62.0	-0.099	1.501	9.618	-0.008266129	40.3879852295	-0.00826612859964	2503.5	63.1372566223	27.4509811401	89.0	Straight Road	Ng Jin Boon	Good	0
93	93	103	103	103	Tue Nov 01 16:45:49 GMT+08:00 2016	01-Nov-2016 16:45:48.036	103.326263333	2.02331333333	12.099575	2.9	41.9	62.11	0.368	1.488	9.382	0.017384544	43.558467865	0.0173845440149	2649.5	63.5294113159	27.8431377411	89.0	Straight Road	Ng Jin Boon	Good	0
94	94	104	104	104	Tue Nov 01 16:45:50 GMT+08:00 2016	01-Nov-2016 16:45:49.036	103.326365	2.02336833333	13.140344	2.8	42.4	62.57	0.754	1.525	9.66	0.018862963	47.3052368164	0.0188629627228	2808.75	62.3529434204	27.8431377411	89.0	Straight Road	Ng Jin Boon	Good	0
95	95	105	105	105	Tue Nov 01 16:45:51 GMT+08:00 2016	01-Nov-2016 16:45:50.037	103.326473333	2.02342666667	13.584034	2.8	42.9	62.86	0.296	1.176	10.227	0.068811	48.9025192261	0.0688109993935	2942.75	60.7843132019	27.4509811401	90.0	Straight Road	Ng Jin Boon	Good	0
96	96	106	106	106	Tue Nov 01 16:45:52 GMT+08:00 2016	01-Nov-2016 16:45:51.036	103.326588333	2.02348833333	14.57333	2.9	43.5	63.02	0.344	0.818	9.277	-0.031015813	52.4639854431	-0.0310158133507	2065.0	55.6862754822	23.137254715	90.0	Straight Road	Ng Jin Boon	Good	0
97	97	107	107	107	Tue Nov 01 16:45:53 GMT+08:00 2016	01-Nov-2016 16:45:52.035	103.326711667	2.02355166667	15.182761	2.9	43.8	62.92	0.439	0.823	9.741	0.01650834	54.6579399109	0.0165083408356	2112.25	52.1568641663	23.137254715	90.0	Straight Road	Ng Jin Boon	Good	0
98	98	108	108	108	Tue Nov 01 16:45:54 GMT+08:00 2016	01-Nov-2016 16:45:53.036	103.326838333	2.02361833333	15.800942	2.9	44.3	62.52	0.473	0.933	9.3	-0.027009785	56.883392334	-0.0270097851753	2147.5	52.1568641663	23.137254715	90.0	Straight Road	Ng Jin Boon	Good	0
99	99	109	109	109	Tue Nov 01 16:45:55 GMT+08:00 2016	01-Nov-2016 16:45:54.035	103.326971667	2.02368833333	16.4428	2.9	44.8	62.64	0.256	0.911	10.05	0.047996104	59.1940803528	0.0479961037636	2150.25	56.0784339905	23.137254715	90.0	Straight Road	Ng Jin Boon	Good	0
100	100	110	110	110	Tue Nov 01 16:45:56 GMT+08:00 2016	01-Nov-2016 16:45:55.036	103.327108333	2.02376	16.697075	2.8	44.8	62.79	0.073	0.845	9.993	0.013199855	60.1094665527	0.0131998546422	1874.5	55.6862754822	22.745098114	90.0	Straight Road	Ng Jin Boon	Good	1
101	101	111	111	111	Tue Nov 01 16:45:57 GMT+08:00 2016	01-Nov-2016 16:45:56.036	103.327243333	2.02383166667	16.838623	2.8	45.5	62.81	0.008	0.684	9.419	-0.003825447	60.6190414429	-0.00382544705644	1867.5	55.2941169739	23.137254715	90.0	Straight Road	Ng Jin Boon	Good	1
102	102	112	112	112	Tue Nov 01 16:45:58 GMT+08:00 2016	01-Nov-2016 16:45:57.036	103.327381667	2.02390666667	17.235474	2.8	45.9	62.32	0.028	0.613	10.341	0.0413505	62.0477027893	0.0413504987955	1891.0	56.0784339905	23.137254715	90.0	Straight Road	Ng Jin Boon	Good	1
103	103	113	113	113	Tue Nov 01 16:45:59 GMT+08:00 2016	01-Nov-2016 16:45:58.036	103.327523333	2.023985	17.626663	2.8	46.2	62.19	0.22	0.642	9.622	0.002272427	63.4559860229	0.00227242708206	1901.75	55.2941169739	23.137254715	90.0	Straight Road	Ng Jin Boon	Good	1
104	104	114	114	114	Tue Nov 01 16:46:00 GMT+08:00 2016	01-Nov-2016 16:45:59.035	103.327666667	2.024065	18.115648	2.8	47.0	62.07	0.61	0.842	10.619	0.10664326	65.2163314819	0.106643259525	1904.5	54.9019622803	23.137254715	90.0	Straight Road	Ng Jin Boon	Good	1
105	105	115	115	115	Tue Nov 01 16:46:01 GMT+08:00 2016	01-Nov-2016 16:46:00.036	103.327811667	2.024145	18.448158	2.8	47.9	61.25	0.225	0.891	9.993	0.04195267	66.4133682251	0.0419526696205	1863.25	56.4705886841	23.137254715	90.0	Straight Road	Ng Jin Boon	Good	1
106	106	116	116	116	Tue Nov 01 16:46:01 GMT+08:00 2016	01-Nov-2016 16:46:01.036	103.327811667	2.024145	18.448158	2.8	47.9	61.25	-0.08	0.741	9.971	0.038247168	66.4133682251	0.0382471680641	1863.25	57.6470603943	23.137254715	90.0	Straight Road	Ng Jin Boon	Good	1
107	107	117	117	117	Tue Nov 01 16:46:01 GMT+08:00 2016	01-Nov-2016 16:46:02.036	103.327811667	2.024145	18.448158	2.8	47.9	61.25	-0.046	0.632	9.797	0.019761622	66.4133682251	0.0197616219521	1880.25	58.0392150879	23.5294113159	90.0	Straight Road	Ng Jin Boon	Good	1
108	108	118	118	118	Tue Nov 01 16:46:04 GMT+08:00 2016	01-Nov-2016 16:46:03.036	103.328238333	2.02438333333	18.399775	2.9	49.7	60.47	0.087	0.732	9.393	-0.013591044	66.2391891479	-0.0135910436511	1889.25	57.6470603943	23.5294113159	90.0	Straight Road	Ng Jin Boon	Good	1
109	109	119	119	119	Tue Nov 01 16:46:05 GMT+08:00 2016	01-Nov-2016 16:46:04.036	103.328376667	2.02446666667	17.492834	2.9	50.2	59.55	0.111	0.399	8.809	-0.010368982	62.9742012024	-0.01036898233	1889.25	59.2156867981	23.9215698242	90.0	Straight Road	Ng Jin Boon	Good	1
110	110	120	120	120	Tue Nov 01 16:46:06 GMT+08:00 2016	01-Nov-2016 16:46:05.036	103.328513333	2.02455	17.336359	2.9	50.6	58.5	0.359	0.761	10.138	0.047657702	62.4108924866	0.0476577021182	1925.0	59.6078453064	24.3137264252	90.0	Straight Road	Ng Jin Boon	Good	1
111	111	121	121	121	Tue Nov 01 16:46:07 GMT+08:00 2016	01-Nov-2016 16:46:06.036	103.328648333	2.02463666667	17.439304	2.9	51.1	58.35	0.632	0.718	9.781	0.020800173	62.7814941406	0.000952899456024	1923.0	59.2156867981	24.3137264252	90.0	Straight Road	Ng Jin Boon	Good	1
112	112	122	122	122	Tue Nov 01 16:46:08 GMT+08:00 2016	01-Nov-2016 16:46:07.036	103.328785	2.02472333333	17.34408	2.9	52.0	58.36	0.747	1.094	10.949	0.14324528	62.4386863708	0.143245279789	1922.25	59.6078453064	24.3137264252	91.0	Straight Road	Ng Jin Boon	Good	1
113	113	123	123	123	Tue Nov 01 16:46:09 GMT+08:00 2016	01-Nov-2016 16:46:08.036	103.328925	2.02481	17.203562	2.9	52.5	58.73	0.791	0.919	10.38	0.08429879	61.9328193665	0.0842987895012	1915.5	59.6078453064	24.3137264252	91.0	Straight Road	Ng Jin Boon	Good	1
114	114	124	124	124	Tue Nov 01 16:46:10 GMT+08:00 2016	01-Nov-2016 16:46:09.037	103.32906	2.02490166667	17.154663	2.9	53.0	58.43	0.377	0.685	9.516	-0.0077005625	61.7567863464	-0.00770056247711	1906.0	60.3921585083	24.7058830261	91.0	Straight Road	Ng Jin Boon	Good	1
115	115	125	125	125	Tue Nov 01 16:46:11 GMT+08:00 2016	01-Nov-2016 16:46:10.036	103.329195	2.024985	17.202017	2.9	53.5	59.48	0.554	0.91	9.5	-0.006529987	61.9272575378	-0.00652998685837	1928.0	60.3921585083	24.7058830261	91.0	Straight Road	Ng Jin Boon	Good	1
116	116	126	126	126	Tue Nov 01 16:46:12 GMT+08:00 2016	01-Nov-2016 16:46:11.036	103.32933	2.025065	17.370846	2.9	53.8	59.59	0.378	0.547	9.475	-0.012773633	62.5350418091	-0.0127736330032	1914.0	60.3921585083	24.7058830261	91.0	Straight Road	Ng Jin Boon	Good	1
117	117	127	127	127	Tue Nov 01 16:46:13 GMT+08:00 2016	01-Nov-2016 16:46:12.036	103.329463333	2.02514833333	17.256062	2.9	54.2	58.13	0.272	0.884	9.528	-0.005180955	62.1218185425	-0.00518095493317	1926.75	59.6078453064	24.7058830261	91.0	Straight Road	Ng Jin Boon	Good	1
118	118	128	128	128	Tue Nov 01 16:46:14 GMT+08:00 2016	01-Nov-2016 16:46:13.036	103.329603333	2.02523333333	17.342535	2.9	55.4	58.67	0.465	0.785	8.667	-0.09263188	62.4331245422	-0.0926318764687	1921.25	60.0	24.7058830261	91.0	Straight Road	Ng Jin Boon	Good	1
119	119	129	129	129	Tue Nov 01 16:46:15 GMT+08:00 2016	01-Nov-2016 16:46:14.036	103.329743333	2.02532333333	17.436214	2.9	56.0	59.29	0.547	0.758	9.576	-0.00021362305	62.7703704834	-0.000213623046875	1920.0	60.3921585083	24.7058830261	91.0	Straight Road	Ng Jin Boon	Good	1
120	120	130	130	130	Tue Nov 01 16:46:16 GMT+08:00 2016	01-Nov-2016 16:46:15.036	103.329881667	2.02540833333	17.488716	2.8	57.1	59.91	0.359	0.648	9.674	0.00802362	62.9593772888	0.00802361965179	1925.0	59.6078453064	24.3137264252	91.0	Straight Road	Ng Jin Boon	Good	1
121	121	131	131	131	Tue Nov 01 16:46:17 GMT+08:00 2016	01-Nov-2016 16:46:16.036	103.33002	2.02548833333	17.61225	2.8	58.2	59.92	-0.219	0.446	10.7	0.11089903	63.404094696	0.110899031162	1864.25	55.6862754822	22.3529415131	91.0	Straight Road	Ng Jin Boon	Good	1
122	122	132	132	132	Tue Nov 01 16:46:18 GMT+08:00 2016	01-Nov-2016 16:46:17.036	103.330155	2.02557166667	17.578793	2.8	60.2	58.69	-0.609	0.889	10.146	0.059067667	63.2836532593	0.0590676665306	1869.0	55.2941169739	22.3529415131	91.0	Straight Road	Ng Jin Boon	Good	1
123	123	133	133	133	Tue Nov 01 16:46:19 GMT+08:00 2016	01-Nov-2016 16:46:18.036	103.330291667	2.02566166667	18.24999	2.8	61.8	56.47	-0.719	0.69	9.561	-0.0011027455	65.6999664307	-0.00110274553299	1867.5	56.0784339905	22.745098114	91.0	Straight Road	Ng Jin Boon	Good	1
124	124	134	134	134	Tue Nov 01 16:46:20 GMT+08:00 2016	01-Nov-2016 16:46:19.036	103.330423333	2.02576	17.937555	2.8	63.3	53.87	-0.274	0.532	9.498	-0.010884583	64.5751953125	-0.0108845829964	1867.5	57.6470603943	23.137254715	91.0	Straight Road	Ng Jin Boon	Good	1
125	125	135	135	135	Tue Nov 01 16:46:21 GMT+08:00 2016	01-Nov-2016 16:46:20.036	103.330546667	2.02586333333	17.773357	2.8	64.0	49.78	-0.562	0.502	8.458	-0.11540347	63.984085083	0.107494652271	1928.0	56.0784339905	23.137254715	91.0	Straight Road	Ng Jin Boon	Good	1
126	126	136	136	136	Tue Nov 01 16:46:22 GMT+08:00 2016	01-Nov-2016 16:46:21.036	103.330665	2.02597333333	17.689459	2.8	64.8	47.22	0.328	0.785	10.68	0.111133754	63.6820487976	0.111133754253	1912.5	54.9019622803	23.137254715	91.0	Straight Road	Ng Jin Boon	Good	1
127	127	137	137	137	Tue Nov 01 16:46:23 GMT+08:00 2016	01-Nov-2016 16:46:22.036	103.330778333	2.02608833333	17.843876	2.8	65.7	45.56	0.476	-0.153	9.245	-0.03721714	64.237953186	-0.0372171401978	1891.0	23.9215698242	22.745098114	91.0	Straight Road	Ng Jin Boon	Good	1
128	128	138	138	138	Tue Nov 01 16:46:24 GMT+08:00 2016	01-Nov-2016 16:46:23.036	103.330891667	2.026205	17.876818	2.7	65.9	44.76	-0.334	0.093	9.455	-0.016539872	64.3565444946	0.000157535076141	1570.25	10.1960783005	10.9803924561	91.0	Straight Road	Ng Jin Boon	Good	1
129	129	139	139	139	Tue Nov 01 16:46:25 GMT+08:00 2016	01-Nov-2016 16:46:24.036	103.331005	2.02632166667	17.851597	2.7	67.0	42.98	-0.296	0.187	9.218	-0.040669024	64.2657470703	-0.0406690239906	1407.0	26.2745094299	10.5882358551	92.0	Straight Road	Ng Jin Boon	Good	1
130	130	140	140	140	Tue Nov 01 16:46:26 GMT+08:00 2016	01-Nov-2016 16:46:25.038	103.331115	2.02644	17.785711	2.7	67.4	42.74	-0.539	0.63	9.435	-0.015519977	64.0285568237	-0.0155199766159	1573.5	30.9803924561	15.2941179276	92.0	Straight Road	Ng Jin Boon	Good	1
131	131	141	141	141	Tue Nov 01 16:46:27 GMT+08:00 2016	01-Nov-2016 16:46:26.035	103.331216667	2.026555	16.173086	2.8	67.5	40.81	-0.048	0.55	9.499	-0.011068344	58.223110199	-0.0110683441162	1578.5	36.0784301758	16.0784320831	92.0	Straight Road	Ng Jin Boon	Good	0
132	132	142	142	142	Tue Nov 01 16:46:28 GMT+08:00 2016	01-Nov-2016 16:46:27.037	103.33131	2.02667166667	16.180807	2.8	68.2	38.34	-0.447	0.329	10.093	0.049402535	58.2509040833	0.0494025349617	1481.75	36.0784301758	16.862745285	92.0	Straight Road	Ng Jin Boon	Good	0
133	133	143	143	143	Tue Nov 01 16:46:29 GMT+08:00 2016	01-Nov-2016 16:46:28.036	103.331396667	2.02679	16.570452	2.7	68.7	35.3	-0.447	0.606	9.94	0.035155118	59.6536254883	0.0351551175117	1478.25	36.4705886841	16.862745285	92.0	Straight Road	Ng Jin Boon	Good	0
134	134	144	144	144	Tue Nov 01 16:46:30 GMT+08:00 2016	01-Nov-2016 16:46:29.036	103.331476667	2.026915	16.539055	2.8	68.5	33.24	-0.04	0.023	9.838	0.02186519	59.5405960083	0.0218651890755	1448.0	12.5490198135	15.6862745285	92.0	Straight Road	Ng Jin Boon	Good	0
135	135	145	145	145	Tue Nov 01 16:46:31 GMT+08:00 2016	01-Nov-2016 16:46:30.036	103.331555	2.02704333333	16.29765	2.8	67.9	30.8	-0.596	0.527	10.246	0.06658822	58.6715354919	0.0665882229805	1461.75	12.5490198135	11.764705658	93.0	Straight Road	Ng Jin Boon	Good	0
136	136	146	146	146	Tue Nov 01 16:46:32 GMT+08:00 2016	01-Nov-2016 16:46:31.037	103.331628333	2.02717333333	16.209633	2.8	67.9	28.88	-0.134	0.307	9.563	-0.005580604	58.354675293	-0.00558060407639	1513.5	29.0196075439	15.2941179276	93.0	Straight Road	Ng Jin Boon	Good	0
137	137	147	147	147	Tue Nov 01 16:46:33 GMT+08:00 2016	01-Nov-2016 16:46:32.036	103.331696667	2.02730666667	16.459272	2.8	67.1	28.44	0.293	0.411	11.04	0.14555782	59.2533798218	0.145557820797	1483.0	30.1960792542	15.2941179276	93.0	Straight Road	Ng Jin Boon	Good	0
138	138	148	148	148	Tue Nov 01 16:46:34 GMT+08:00 2016	01-Nov-2016 16:46:33.035	103.331761667	2.02744	16.357872	2.8	66.4	26.92	-0.019	0.18	9.928	0.031196654	58.8883361816	0.0311966538429	1477.5	10.9803924561	15.2941179276	93.0	Straight Road	Ng Jin Boon	Good	0
139	139	149	149	149	Tue Nov 01 16:46:35 GMT+08:00 2016	01-Nov-2016 16:46:34.036	103.331823333	2.02757333333	16.29971	2.8	65.6	26.65	0.308	-0.17	11.024	0.14332336	58.6789512634	0.143323361874	1424.0	12.5490198135	9.80392169952	93.0	Straight Road	Ng Jin Boon	Good	0
140	140	150	150	150	Tue Nov 01 16:46:36 GMT+08:00 2016	01-Nov-2016 16:46:35.035	103.331888333	2.02770833333	16.294046	2.8	64.1	26.44	0.064	-0.201	10.188	0.057754576	58.6585655212	0.0577545762062	1321.5	12.9411764145	9.80392169952	93.0	Straight Road	Ng Jin Boon	Good	0
141	141	151	151	151	Tue Nov 01 16:46:37 GMT+08:00 2016	01-Nov-2016 16:46:36.036	103.331951667	2.02784	16.303312	2.8	63.2	26.31	0.059	-0.225	9.333	-0.029328465	58.6919212341	-0.0293284654617	1329.25	12.9411764145	9.80392169952	93.0	Straight Road	Ng Jin Boon	Good	0
142	142	152	152	152	Tue Nov 01 16:46:38 GMT+08:00 2016	01-Nov-2016 16:46:37.036	103.332015	2.02797	16.256472	2.8	61.6	26.08	0.41	-0.138	9.24	-0.038072288	58.5232963562	-0.0267124176025	1306.25	13.3333339691	9.80392169952	93.0	Straight Road	Ng Jin Boon	Good	0
143	143	153	153	153	Tue Nov 01 16:46:39 GMT+08:00 2016	01-Nov-2016 16:46:38.036	103.332073333	2.02809666667	16.145807	2.8	59.5	25.21	0.099	0.0	10.302	0.06920129	58.1249046326	0.0692012906075	1287.25	13.3333339691	9.80392169952	93.0	Straight Road	Ng Jin Boon	Good	0
144	144	154	154	154	Tue Nov 01 16:46:40 GMT+08:00 2016	01-Nov-2016 16:46:39.035	103.33213	2.02821833333	14.59186	2.8	57.8	25.28	-0.496	-0.46	10.271	0.068261206	52.5306930542	0.0682612061501	1278.75	13.3333339691	9.80392169952	93.0	Straight Road	Ng Jin Boon	Good	0
145	145	155	155	155	Tue Nov 01 16:46:41 GMT+08:00 2016	01-Nov-2016 16:46:40.037	103.332185	2.02833666667	14.433326	2.8	56.4	26.0	-0.419	-0.896	8.547	-0.10393125	51.9599723816	-0.103931248188	1211.5	13.7254905701	9.80392169952	93.0	Straight Road	Ng Jin Boon	Good	0
146	146	156	156	156	Tue Nov 01 16:46:42 GMT+08:00 2016	01-Nov-2016 16:46:41.036	103.332236667	2.02845333333	14.056034	2.8	54.9	24.6	-0.322	-1.02	10.31	0.07560915	50.6017227173	0.0756091475487	1211.5	14.117647171	9.80392169952	93.0	Straight Road	Ng Jin Boon	Good	0
147	147	157	157	157	Tue Nov 01 16:46:43 GMT+08:00 2016	01-Nov-2016 16:46:42.035	103.332285	2.02856666667	13.307114	2.8	53.3	22.4	-0.195	-0.845	10.082	0.05052167	47.9056091309	0.050521671772	920.25	16.4705886841	9.80392169952	93.0	Straight Road	Ng Jin Boon	Good	0
148	148	158	158	158	Tue Nov 01 16:46:44 GMT+08:00 2016	01-Nov-2016 16:46:43.036	103.332325	2.02867166667	12.278699	2.8	51.3	19.52	-0.017	-0.234	9.629	0.0008406639	44.2033157349	0.000840663909912	970.75	16.4705886841	9.80392169952	93.0	Straight Road	Ng Jin Boon	Good	0
149	149	159	159	159	Tue Nov 01 16:46:45 GMT+08:00 2016	01-Nov-2016 16:46:44.036	103.332356667	2.02877	11.583823	2.8	49.5	17.9	-0.164	-0.607	10.001	0.0404827	41.7017631531	0.0404826998711	970.75	17.254901886	9.80392169952	93.0	Straight Road	Ng Jin Boon	Good	0
150	150	160	160	160	Tue Nov 01 16:46:46 GMT+08:00 2016	01-Nov-2016 16:46:45.035	103.332386667	2.028865	11.138074	2.8	47.9	16.36	-0.022	-1.893	10.64	0.12064177	40.0970649719	0.120641767979	895.25	16.862745285	9.80392169952	93.0	Straight Road	Ng Jin Boon	Good	0
151	151	161	161	161	Tue Nov 01 16:46:47 GMT+08:00 2016	01-Nov-2016 16:46:46.036	103.33241	2.02895666667	10.435478	2.7	46.4	12.8	0.121	-2.316	10.172	0.08250946	37.5677223206	0.082509458065	768.75	19.607843399	9.80392169952	93.0	Straight Road	Ng Jin Boon	Good	0
152	152	162	162	162	Tue Nov 01 16:46:48 GMT+08:00 2016	01-Nov-2016 16:46:47.036	103.332425	2.02903833333	8.959255	2.7	45.1	10.53	-1.036	-2.918	9.628	0.084987134	32.2533187866	0.0849871337414	627.5	22.3529415131	9.80392169952	93.0	Corner	Ng Jin Boon	Good	0
153	153	163	163	163	Tue Nov 01 16:46:49 GMT+08:00 2016	01-Nov-2016 16:46:48.036	103.332436667	2.02910833333	7.312144	2.7	44.0	9.68	-1.588	-0.217	10.072	0.0586254	26.3237171173	0.0586254000664	785.75	34.1176490784	9.80392169952	93.0	Corner	Ng Jin Boon	Good	0
154	154	164	164	164	Tue Nov 01 16:46:50 GMT+08:00 2016	01-Nov-2016 16:46:49.036	103.332436667	2.02915	4.186236	2.7	42.6	358.69	-3.18	-0.788	9.462	0.03970641	15.0704488754	0.0397064089775	1314.25	22.3529415131	9.80392169952	93.0	Corner	Ng Jin Boon	Good	0
155	155	165	165	165	Tue Nov 01 16:46:51 GMT+08:00 2016	01-Nov-2016 16:46:50.037	103.332428333	2.02917333333	3.3734894	2.7	41.0	342.73	-0.732	1.948	9.412	0.0016002059	12.1445617676	0.00160020589828	1320.0	12.9411764145	14.9019613266	93.0	Corner	Ng Jin Boon	Good	0
156	156	166	166	166	Tue Nov 01 16:46:52 GMT+08:00 2016	01-Nov-2016 16:46:51.036	103.332411667	2.02919	2.881415	2.7	39.8	315.44	-0.413	2.598	9.016	-0.023616374	10.373093605	-0.023616373539	1551.75	58.4313735962	19.607843399	93.0	Corner	Ng Jin Boon	Good	0
157	157	167	167	167	Tue Nov 01 16:46:53 GMT+08:00 2016	01-Nov-2016 16:46:52.036	103.332383333	2.02919666667	3.289075	2.7	38.4	298.13	-2.317	3.841	8.673	0.014347434	11.840669632	0.0143474340439	1953.5	56.4705886841	24.3137264252	93.0	Corner	Ng Jin Boon	Good	0
158	158	168	168	168	Tue Nov 01 16:46:54 GMT+08:00 2016	01-Nov-2016 16:46:53.054	103.33235	2.029205	4.0493197	2.7	37.0	294.96	-0.249	1.613	9.547	0.0063091516	14.5775508881	0.00630915164948	2255.25	55.2941169739	24.3137264252	93.0	Corner	Ng Jin Boon	Good	0
159	159	169	169	169	Tue Nov 01 16:46:55 GMT+08:00 2016	01-Nov-2016 16:46:54.036	103.332308333	2.02922	5.2970066	2.7	36.1	291.65	-0.443	2.171	9.68	0.0312683	19.0692234039	0.0312682986259	2532.75	56.8627471924	24.7058830261	93.0	Corner	Ng Jin Boon	Good	0
160	160	170	170	170	Tue Nov 01 16:46:56 GMT+08:00 2016	01-Nov-2016 16:46:55.037	103.33225	2.029235	6.895219	2.8	35.6	288.05	-0.415	1.784	9.383	-0.00647372	24.8227863312	-0.0064737200737	1898.75	59.2156867981	24.7058830261	93.0	Corner	Ng Jin Boon	Good	0
161	161	171	171	171	Tue Nov 01 16:46:57 GMT+08:00 2016	01-Nov-2016 16:46:56.036	103.332183333	2.02924833333	7.3368506	2.8	34.8	281.94	-0.672	1.681	9.426	-0.0025829673	26.4126625061	-0.00258296728134	1952.25	58.4313735962	24.7058830261	93.0	Corner	Ng Jin Boon	Good	0
162	162	172	172	172	Tue Nov 01 16:46:58 GMT+08:00 2016	01-Nov-2016 16:46:57.036	103.332108333	2.029255	8.168127	2.9	34.2	276.99	-0.008	1.614	9.1	-0.038897395	29.4052562714	-0.038897395134	2043.0	58.0392150879	24.7058830261	93.0	Corner	Ng Jin Boon	Good	0
163	163	173	173	173	Tue Nov 01 16:46:59 GMT+08:00 2016	01-Nov-2016 16:46:58.035	103.332028333	2.02925833333	8.687997	2.9	33.5	273.05	0.055	1.619	9.456	-0.0030434132	31.2767887115	-0.00304341316223	2128.5	57.254901886	24.7058830261	92.0	Straight Road	Ng Jin Boon	Good	0
164	164	174	174	174	Tue Nov 01 16:47:00 GMT+08:00 2016	01-Nov-2016 16:46:59.036	103.33194	2.02925166667	9.431255	3.0	32.7	268.48	0.047	1.614	9.399	-0.008860648	33.9525184631	-0.00886064767838	2128.5	56.4705886841	24.7058830261	92.0	Straight Road	Ng Jin Boon	Good	0
165	165	175	175	175	Tue Nov 01 16:47:01 GMT+08:00 2016	01-Nov-2016 16:47:00.036	103.33185	2.02924	9.780751	3.0	32.1	265.58	-0.061	1.125	10.024	0.047248304	35.2107048035	0.0472483038902	2321.0	56.0784339905	21.5686283112	92.0	Straight Road	Ng Jin Boon	Good	0
166	166	176	176	176	Tue Nov 01 16:47:02 GMT+08:00 2016	01-Nov-2016 16:47:01.036	103.331755	2.02923	10.367535	3.1	31.7	264.13	-0.254	0.764	9.819	0.023276508	37.3231239319	0.0232765078545	2321.0	33.7254905701	18.0392150879	93.0	Straight Road	Ng Jin Boon	Good	0
167	167	177	177	177	Tue Nov 01 16:47:03 GMT+08:00 2016	01-Nov-2016 16:47:02.036	103.331651667	2.02921666667	11.051086	3.1	31.3	264.28	-0.296	0.801	9.774	0.01912564	39.783908844	0.0191256403923	1602.75	44.3137245178	18.0392150879	93.0	Straight Road	Ng Jin Boon	Good	0
168	168	178	178	178	Tue Nov 01 16:47:04 GMT+08:00 2016	01-Nov-2016 16:47:03.035	103.331546667	2.02920333333	11.337272	3.2	30.7	263.96	-0.007	0.882	10.003	0.042630136	40.8141784668	0.042630136013	1559.75	44.7058830261	18.4313735962	93.0	Straight Road	Ng Jin Boon	Good	0
169	169	179	179	179	Tue Nov 01 16:47:05 GMT+08:00 2016	01-Nov-2016 16:47:04.036	103.331438333	2.02918666667	11.776844	3.2	30.1	262.65	0.062	1.057	10.339	0.07843679	42.3966369629	0.0784367918968	1559.75	46.6666679382	18.4313735962	93.0	Straight Road	Ng Jin Boon	Good	0
170	170	180	180	180	Tue Nov 01 16:47:06 GMT+08:00 2016	01-Nov-2016 16:47:05.035	103.331326667	2.02916833333	12.211784	3.2	29.5	261.65	0.168	1.03	10.253	0.069558084	43.9624214172	0.0695580840111	1570.5	47.0588226318	18.4313735962	93.0	Straight Road	Ng Jin Boon	Good	0
171	171	181	181	181	Tue Nov 01 16:47:07 GMT+08:00 2016	01-Nov-2016 16:47:06.037	103.331211667	2.02914833333	12.464514	3.2	28.9	260.56	0.171	0.878	9.569	-0.0013142824	44.8722496033	-0.0013142824173	1608.5	45.8823547363	18.0392150879	93.0	Straight Road	Ng Jin Boon	Good	0
172	172	182	182	182	Tue Nov 01 16:47:08 GMT+08:00 2016	01-Nov-2016 16:47:07.039	103.331093333	2.029125	13.050267	3.2	28.7	258.65	-0.096	0.301	9.902	0.028891861	46.9809608459	0.0288918614388	1608.5	40.0	15.2941179276	93.0	Straight Road	Ng Jin Boon	Good	0
173	173	183	183	183	Tue Nov 01 16:47:09 GMT+08:00 2016	01-Nov-2016 16:47:08.036	103.330975	2.0291	13.189242	3.2	28.3	261.04	-0.235	0.517	9.73	0.012532949	47.4812698364	0.0125329494476	1622.5	22.745098114	13.7254905701	93.0	Straight Road	Ng Jin Boon	Good	0
174	174	184	184	184	Tue Nov 01 16:47:10 GMT+08:00 2016	01-Nov-2016 16:47:09.036	103.330855	2.02907833333	13.013207	3.3	27.9	260.73	-0.588	0.799	8.99	-0.059025586	46.8475456238	-0.0590255856514	1687.75	37.6470603943	16.862745285	93.0	Straight Road	Ng Jin Boon	Good	0
175	175	185	185	185	Tue Nov 01 16:47:11 GMT+08:00 2016	01-Nov-2016 16:47:10.035	103.330738333	2.029055	12.984898	3.3	27.5	260.2	-0.584	0.762	9.833	0.026110709	46.7456283569	0.0261107087135	1687.75	38.0392150879	16.862745285	93.0	Straight Road	Ng Jin Boon	Good	0
176	176	186	186	186	Tue Nov 01 16:47:12 GMT+08:00 2016	01-Nov-2016 16:47:11.036	103.33062	2.02903	13.303511	3.3	27.0	257.8	-0.177	0.203	9.783	0.016625524	47.8926353455	0.0166255235672	1683.75	12.1568632126	9.80392169952	93.0	Straight Road	Ng Jin Boon	Good	0
177	177	187	187	187	Tue Nov 01 16:47:13 GMT+08:00 2016	01-Nov-2016 16:47:12.040	103.330501667	2.02900166667	13.501678	3.3	26.8	255.82	0.008	-0.045	9.89	0.02716571	48.6060409546	0.0271657109261	1552.5	11.764705658	9.80392169952	93.0	Straight Road	Ng Jin Boon	Good	0
178	178	188	188	188	Tue Nov 01 16:47:14 GMT+08:00 2016	01-Nov-2016 16:47:13.037	103.330388333	2.02897	13.034311	3.3	27.0	253.7	-0.284	-0.167	9.013	-0.06163013	46.9235191345	-0.0616301298141	1500.5	12.1568632126	9.80392169952	93.0	Straight Road	Ng Jin Boon	Good	0
179	179	189	189	189	Tue Nov 01 16:47:15 GMT+08:00 2016	01-Nov-2016 16:47:14.036	103.330276667	2.02893333333	12.428997	3.3	26.6	252.51	-0.024	-0.942	10.313	0.07465333	44.7443885803	0.0746533274651	1371.5	12.5490198135	9.80392169952	93.0	Straight Road	Ng Jin Boon	Good	0
180	180	190	190	190	Tue Nov 01 16:47:16 GMT+08:00 2016	01-Nov-2016 16:47:15.039	103.33017	2.02889666667	11.911701	3.3	25.8	251.26	0.163	-1.017	10.158	0.05978328	42.8821220398	0.0597832798958	868.75	9.80392169952	9.80392169952	93.0	Straight Road	Ng Jin Boon	Good	0
181	181	191	191	191	Tue Nov 01 16:47:17 GMT+08:00 2016	01-Nov-2016 16:47:16.036	103.330073333	2.02886	11.467496	3.3	25.4	251.08	0.293	-1.085	10.272	0.05392915	41.2829856873	0.0539291501045	793.5	10.1960783005	9.80392169952	94.0	Straight Road	Ng Jin Boon	Good	0
182	182	192	192	192	Tue Nov 01 16:47:18 GMT+08:00 2016	01-Nov-2016 16:47:17.036	103.32998	2.02882666667	10.888948	3.4	24.8	250.14	0.271	-1.166	10.177	0.06356281	39.200214386	0.063562810421	685.0	11.764705658	9.80392169952	94.0	Straight Road	Ng Jin Boon	Good	0
183	183	193	193	193	Tue Nov 01 16:47:19 GMT+08:00 2016	01-Nov-2016 16:47:18.036	103.329898333	2.02879333333	9.57898	3.4	24.3	248.67	0.166	-1.538	9.995	0.049988925	34.4843292236	0.049988925457	633.5	14.117647171	9.80392169952	94.0	Straight Road	Ng Jin Boon	Good	0
184	184	194	194	194	Tue Nov 01 16:47:20 GMT+08:00 2016	01-Nov-2016 16:47:19.036	103.329826667	2.02876166667	8.598434	3.4	24.1	249.4	0.265	-2.199	10.424	0.10531145	30.9543628693	0.105311453342	564.5	19.2156867981	9.80392169952	94.0	Straight Road	Ng Jin Boon	Good	0
185	185	195	195	195	Tue Nov 01 16:47:21 GMT+08:00 2016	01-Nov-2016 16:47:20.035	103.329768333	2.02873666667	7.2647896	3.3	23.8	249.43	0.147	-1.53	10.538	0.10457641	26.1532421112	0.104576408863	570.0	17.6470584869	9.80392169952	94.0	Straight Road	Ng Jin Boon	Good	0
186	186	196	196	196	Tue Nov 01 16:47:22 GMT+08:00 2016	01-Nov-2016 16:47:21.036	103.329723333	2.02872	5.7854776	3.4	23.6	250.15	0.24	0.502	10.522	0.0930776	20.8277187347	0.0930776000023	685.25	15.2941179276	9.80392169952	94.0	Straight Road	Ng Jin Boon	Good	0
187	187	197	197	197	Tue Nov 01 16:47:23 GMT+08:00 2016	01-Nov-2016 16:47:22.035	103.329696667	2.02870833333	4.087409	3.4	23.3	250.12	-0.125	1.674	10.713	0.12437409	14.7146720886	0.124374091625	643.0	35.2941169739	9.80392169952	94.0	Straight Road	Ng Jin Boon	Good	0
188	188	198	198	198	Tue Nov 01 16:47:24 GMT+08:00 2016	01-Nov-2016 16:47:23.036	103.329671667	2.02869833333	3.5505538	3.3	23.2	246.81	0.654	1.731	9.457	0.0012969375	12.7819929123	0.00129693746567	1348.0	46.6666679382	19.2156867981	94.0	Straight Road	Ng Jin Boon	Good	0
189	189	199	199	199	Tue Nov 01 16:47:25 GMT+08:00 2016	01-Nov-2016 16:47:24.036	103.32964	2.02868666667	4.244914	3.3	23.3	249.37	0.571	1.44	9.92	0.04246801	15.2816905975	0.0424680113792	1830.0	37.6470603943	19.2156867981	95.0	Straight Road	Ng Jin Boon	Good	0
190	190	200	200	200	Tue Nov 01 16:47:26 GMT+08:00 2016	01-Nov-2016 16:47:25.036	103.3296	2.02867	5.5857654	3.3	23.3	249.1	0.43	1.068	10.007	0.04581052	20.1087551117	0.045810520649	1690.0	45.490196228	19.2156867981	95.0	Straight Road	Ng Jin Boon	Good	0
191	191	201	201	201	Tue Nov 01 16:47:27 GMT+08:00 2016	01-Nov-2016 16:47:26.036	103.329543333	2.02864833333	7.289496	3.3	23.7	248.67	0.375	1.097	9.745	0.01937896	26.2421855927	0.0193789601326	1690.0	45.490196228	19.2156867981	95.0	Straight Road	Ng Jin Boon	Good	0
192	192	202	202	202	Tue Nov 01 16:47:28 GMT+08:00 2016	01-Nov-2016 16:47:27.036	103.329481667	2.028625	7.8093657	3.3	23.9	248.6	0.387	0.975	10.29	0.07336599	28.1137161255	0.0733659863472	1795.25	43.9215698242	17.6470584869	95.0	Straight Road	Ng Jin Boon	Good	0
193	193	203	203	203	Tue Nov 01 16:47:29 GMT+08:00 2016	01-Nov-2016 16:47:28.037	103.329408333	2.028595	9.154335	3.3	24.2	249.05	0.473	0.514	10.443	0.08590466	32.9556045532	0.0859046578407	1893.75	24.3137264252	13.7254905701	95.0	Straight Road	Ng Jin Boon	Good	0
194	194	204	204	204	Tue Nov 01 16:47:30 GMT+08:00 2016	01-Nov-2016 16:47:29.035	103.32933	2.02856333333	9.429196	3.3	24.6	250.38	0.266	-0.164	10.323	0.071775496	33.9451065063	0.071775496006	1300.75	15.2941179276	9.80392169952	95.0	Straight Road	Ng Jin Boon	Good	0
195	195	205	205	205	Tue Nov 01 16:47:31 GMT+08:00 2016	01-Nov-2016 16:47:30.036	103.32925	2.02853166667	9.453903	3.2	24.8	249.69	0.363	-0.687	10.046	0.046115458	34.0340499878	0.0461154580116	1205.5	15.6862745285	9.80392169952	95.0	Straight Road	Ng Jin Boon	Good	0
196	196	206	206	206	Tue Nov 01 16:47:32 GMT+08:00 2016	01-Nov-2016 16:47:31.035	103.32917	2.0285	9.535744	3.2	25.2	249.02	0.652	-1.992	10.481	0.10855383	34.3286781311	0.108553826809	976.75	19.2156867981	9.80392169952	95.0	Straight Road	Ng Jin Boon	Good	0
197	197	207	207	207	Tue Nov 01 16:47:33 GMT+08:00 2016	01-Nov-2016 16:47:32.040	103.329096667	2.02847	8.824398	3.2	25.2	248.08	0.398	-2.157	10.338	0.09628099	31.7678318024	0.0962809920311	976.75	21.5686283112	9.80392169952	95.0	Straight Road	Ng Jin Boon	Good	0
198	198	208	208	208	Tue Nov 01 16:47:34 GMT+08:00 2016	01-Nov-2016 16:47:33.036	103.329036667	2.02844166667	7.37494	3.3	24.9	244.53	0.879	-0.383	10.193	0.06262857	26.5497837067	0.0626285672188	852.25	27.4509811401	9.80392169952	95.0	Intersection	Ng Jin Boon	Good	0
199	199	209	209	209	Tue Nov 01 16:47:35 GMT+08:00 2016	01-Nov-2016 16:47:34.036	103.328985	2.02841666667	6.3902764	3.3	24.5	244.65	1.257	0.599	9.704	0.018326223	23.0049953461	0.0183262228966	844.75	19.2156867981	9.80392169952	95.0	Intersection	Ng Jin Boon	Good	0
200	200	210	210	210	Tue Nov 01 16:47:36 GMT+08:00 2016	01-Nov-2016 16:47:35.035	103.328948333	2.02839833333	5.037586	3.3	24.1	245.21	1.868	1.687	9.43	0.03061436	18.1353092194	0.0306143593043	1334.5	56.4705886841	16.0784320831	95.0	Intersection	Ng Jin Boon	Good	0
201	201	211	211	211	Tue Nov 01 16:47:37 GMT+08:00 2016	01-Nov-2016 16:47:36.039	103.328921667	2.02839	3.8650491	3.3	23.7	252.17	1.805	1.469	9.127	-0.020854354	13.9141769409	-0.0208543539047	1465.0	41.1764717102	16.0784320831	95.0	Intersection	Ng Jin Boon	Good	0
202	202	212	212	212	Tue Nov 01 16:47:38 GMT+08:00 2016	01-Nov-2016 16:47:37.036	103.328895	2.028385	3.48364	3.4	24.1	264.8	3.238	1.069	10.504	0.14475065	12.541103363	0.144750654697	1604.25	38.4313735962	16.0784320831	95.0	Intersection	Ng Jin Boon	Good	0
203	203	213	213	213	Tue Nov 01 16:47:39 GMT+08:00 2016	01-Nov-2016 16:47:38.036	103.328861667	2.02838666667	4.230502	3.3	24.7	272.93	1.714	1.264	9.273	-0.011131465	15.2298069	-0.00946772098541	1613.75	36.0784301758	16.0784320831	95.0	Intersection	Ng Jin Boon	Good	0
204	204	214	214	214	Tue Nov 01 16:47:40 GMT+08:00 2016	01-Nov-2016 16:47:39.036	103.328828333	2.02839833333	4.2196927	3.4	24.6	289.56	0.119	1.644	9.379	-0.010282636	15.1908931732	-0.0102826356888	1620.5	51.764705658	19.607843399	95.0	Intersection	Ng Jin Boon	Good	0
205	205	215	215	215	Tue Nov 01 16:47:41 GMT+08:00 2016	01-Nov-2016 16:47:40.037	103.328808333	2.02842666667	4.593381	3.3	25.5	311.61	0.088	2.018	9.38	-0.002914071	16.5361709595	-0.00291407108307	1738.25	60.3921585083	21.5686283112	95.0	Intersection	Ng Jin Boon	Good	0
206	206	216	216	216	Tue Nov 01 16:47:42 GMT+08:00 2016	01-Nov-2016 16:47:41.041	103.328788333	2.02846333333	5.3098745	3.1	26.2	320.42	0.0	2.029	9.848	0.043958843	19.1155471802	0.0439588427544	1836.5	60.3921585083	23.9215698242	96.0	Intersection	Ng Jin Boon	Good	0
207	207	217	217	217	Tue Nov 01 16:47:43 GMT+08:00 2016	01-Nov-2016 16:47:42.037	103.328763333	2.02850833333	6.0114408	3.1	26.5	324.32	0.086	1.806	9.508	0.005583346	21.6411857605	0.00558334589005	1842.0	60.3921585083	24.3137264252	96.0	Intersection	Ng Jin Boon	Good	0
208	208	218	218	218	Tue Nov 01 16:47:44 GMT+08:00 2016	01-Nov-2016 16:47:43.035	103.328735	2.02855666667	6.5498405	3.0	28.2	326.53	0.739	2.065	9.577	0.020521939	23.5794258118	0.0205219388008	1846.25	59.2156867981	24.3137264252	96.0	Straight Road	Ng Jin Boon	Good	0
209	209	219	219	219	Tue Nov 01 16:47:45 GMT+08:00 2016	01-Nov-2016 16:47:44.036	103.32871	2.028615	7.1814046	3.0	29.1	333.48	0.086	1.49	9.291	-0.021763504	25.853055954	0.0347544550896	1926.75	59.2156867981	24.3137264252	96.0	Straight Road	Ng Jin Boon	Good	0
210	210	220	220	220	Tue Nov 01 16:47:46 GMT+08:00 2016	01-Nov-2016 16:47:45.037	103.328685	2.02868166667	7.8917212	2.9	30.1	336.47	-0.338	1.627	9.526	0.0047137737	28.4101963043	0.00471377372742	1947.5	55.2941169739	23.9215698242	96.0	Straight Road	Ng Jin Boon	Good	0
211	211	221	221	221	Tue Nov 01 16:47:47 GMT+08:00 2016	01-Nov-2016 16:47:46.035	103.32866	2.028755	8.575787	2.9	31.1	338.88	-0.135	1.488	9.787	0.028214037	30.8728313446	0.0282140374184	1972.25	52.5490188599	23.137254715	96.0	Straight Road	Ng Jin Boon	Good	0
212	212	222	222	222	Tue Nov 01 16:47:48 GMT+08:00 2016	01-Nov-2016 16:47:47.038	103.328633333	2.028835	9.22022	2.8	31.8	339.68	-0.099	1.424	9.702	0.018637598	33.1927909851	0.0186375975609	1995.75	49.4117660522	22.745098114	96.0	Straight Road	Ng Jin Boon	Good	0
213	213	223	223	223	Tue Nov 01 16:47:49 GMT+08:00 2016	01-Nov-2016 16:47:48.036	103.328606667	2.02891833333	9.678837	2.8	32.3	341.27	-0.178	1.407	10.056	0.054220498	34.8438110352	0.0542204976082	1999.0	37.254901886	21.1764717102	96.0	Straight Road	Ng Jin Boon	Good	0
214	214	224	224	224	Tue Nov 01 16:47:50 GMT+08:00 2016	01-Nov-2016 16:47:49.036	103.328576667	2.029005	9.840974	2.8	32.9	340.25	0.294	0.893	9.138	0.0050856094	35.4275054932	0.00508560938761	1584.75	43.1372566223	18.4313735962	96.0	Straight Road	Ng Jin Boon	Good	0
215	215	225	225	225	Tue Nov 01 16:47:51 GMT+08:00 2016	01-Nov-2016 16:47:50.037	103.328545	2.02909333333	9.860019	2.8	33.3	340.58	0.205	0.811	9.526	-0.0062133074	35.4960670471	-0.00621330738068	1577.0	46.2745094299	18.4313735962	96.0	Straight Road	Ng Jin Boon	Good	0
216	216	226	226	226	Tue Nov 01 16:47:52 GMT+08:00 2016	01-Nov-2016 16:47:51.036	103.32851	2.02917833333	10.0556135	2.8	33.2	338.02	0.098	0.762	9.693	0.010172129	36.2002067566	0.0101721286774	1404.25	45.8823547363	18.4313735962	96.0	Straight Road	Ng Jin Boon	Good	0
217	217	227	227	227	Tue Nov 01 16:47:53 GMT+08:00 2016	01-Nov-2016 16:47:52.036	103.328476667	2.029265	10.038113	2.8	33.0	338.76	-0.015	0.477	9.696	0.008575678	36.1372032166	0.0085756778717	1419.5	43.5294113159	15.2941179276	96.0	Straight Road	Ng Jin Boon	Good	0
218	218	228	228	228	Tue Nov 01 16:47:54 GMT+08:00 2016	01-Nov-2016 16:47:53.035	103.328445	2.02935333333	10.268193	2.8	33.0	339.94	-0.309	1.078	10.454	0.090761006	36.9654960632	0.0907610058784	1385.25	9.01960754395	15.2941179276	96.0	Straight Road	Ng Jin Boon	Good	0
219	219	229	229	229	Tue Nov 01 16:47:55 GMT+08:00 2016	01-Nov-2016 16:47:54.036	103.32841	2.02944333333	10.494157	2.8	33.0	338.53	-0.284	-1.281	8.964	-0.057501554	37.7789649963	-0.0575015544891	1261.75	9.80392169952	9.80392169952	96.0	Straight Road	Ng Jin Boon	Good	0
220	220	230	230	230	Tue Nov 01 16:47:56 GMT+08:00 2016	01-Nov-2016 16:47:55.036	103.328375	2.02953	9.970684	2.8	33.3	336.17	0.085	-2.157	9.774	0.039340794	35.8944625854	0.0393407940865	1071.75	10.9803924561	9.80392169952	96.0	Straight Road	Ng Jin Boon	Good	0
221	221	231	231	231	Tue Nov 01 16:47:57 GMT+08:00 2016	01-Nov-2016 16:47:56.036	103.32834	2.02960666667	8.874326	2.8	33.4	333.77	0.518	-1.783	10.253	0.08115703	31.9475727081	0.0811570286751	784.75	20.392156601	9.80392169952	97.0	Straight Road	Ng Jin Boon	Good	0
222	222	232	232	232	Tue Nov 01 16:47:58 GMT+08:00 2016	01-Nov-2016 16:47:57.036	103.328306667	2.02967166667	7.7017884	2.8	33.3	329.41	0.265	-1.069	10.256	0.070474565	27.7264385223	0.0704745650291	586.25	26.2745094299	9.80392169952	97.0	Straight Road	Ng Jin Boon	Good	0
223	223	233	233	233	Tue Nov 01 16:47:59 GMT+08:00 2016	01-Nov-2016 16:47:58.036	103.328275	2.02971833333	6.5827823	2.8	33.9	323.6	0.347	0.365	11.902	0.23333746	23.698015213	0.233337461948	890.25	18.4313735962	9.80392169952	97.0	Straight Road	Ng Jin Boon	Good	0
224	224	234	234	234	Tue Nov 01 16:48:00 GMT+08:00 2016	01-Nov-2016 16:47:59.036	103.328256667	2.02975	4.849713	2.9	34.4	323.56	0.38	1.762	10.722	0.12730342	17.4589653015	0.127303421497	881.25	39.6078453064	9.80392169952	97.0	Straight Road	Ng Jin Boon	Good	0
225	225	235	235	235	Tue Nov 01 16:48:01 GMT+08:00 2016	01-Nov-2016 16:48:00.035	103.328245	2.02976833333	3.5335681	2.9	35.2	324.17	0.068	1.54	9.581	0.00821656	12.7208452225	0.00821655988693	1310.0	45.8823547363	17.6470584869	97.0	Straight Road	Ng Jin Boon	Good	0
226	226	236	236	236	Tue Nov 01 16:48:02 GMT+08:00 2016	01-Nov-2016 16:48:01.036	103.32823	2.029795	3.7760022	2.9	34.6	332.31	0.303	1.192	9.601	0.0056927204	13.5936079025	0.00569272041321	1633.75	38.8235282898	18.0392150879	97.0	Straight Road	Ng Jin Boon	Good	0
227	227	237	237	237	Tue Nov 01 16:48:03 GMT+08:00 2016	01-Nov-2016 16:48:02.036	103.328208333	2.02983	5.070014	2.8	34.3	331.51	0.082	1.133	9.691	0.013633072	18.2520503998	0.0136330723763	2039.75	42.745098114	18.0392150879	98.0	Straight Road	Ng Jin Boon	Good	0
228	228	238	238	238	Tue Nov 01 16:48:04 GMT+08:00 2016	01-Nov-2016 16:48:03.035	103.328181667	2.029875	6.2564487	2.8	34.2	331.37	-0.08	1.095	10.027	0.04722935	22.5232143402	0.0472293496132	1544.5	45.0980415344	18.4313735962	98.0	Straight Road	Ng Jin Boon	Good	0
229	229	239	239	239	Tue Nov 01 16:48:05 GMT+08:00 2016	01-Nov-2016 16:48:04.036	103.328148333	2.02992833333	7.5298715	2.8	34.3	328.65	0.128	0.986	9.292	-0.02839619	27.1075363159	-0.0283961892128	1649.0	44.3137245178	18.4313735962	98.0	Straight Road	Ng Jin Boon	Good	0
230	230	240	240	240	Tue Nov 01 16:48:06 GMT+08:00 2016	01-Nov-2016 16:48:05.036	103.328106667	2.02999166667	8.755425	2.8	34.4	327.71	0.129	0.679	9.754	0.015784383	31.51953125	-0.0339554548264	1831.25	23.9215698242	13.3333339691	98.0	Straight Road	Ng Jin Boon	Good	0
231	231	241	241	241	Tue Nov 01 16:48:07 GMT+08:00 2016	01-Nov-2016 16:48:06.036	103.32806	2.03006166667	9.769942	2.8	34.9	327.09	-0.131	0.25	9.637	0.0017861128	35.1717910767	0.00178611278534	1713.25	17.6470584869	9.80392169952	98.0	Straight Road	Ng Jin Boon	Good	0
232	232	242	242	242	Tue Nov 01 16:48:08 GMT+08:00 2016	01-Nov-2016 16:48:07.037	103.328008333	2.030135	10.49776	2.8	35.7	324.49	0.079	-0.207	10.027	0.041369736	37.791934967	0.0413697361946	1229.75	14.117647171	9.80392169952	98.0	Straight Road	Ng Jin Boon	Good	0
233	233	243	243	243	Tue Nov 01 16:48:09 GMT+08:00 2016	01-Nov-2016 16:48:08.035	103.32795	2.03021166667	10.73762	2.8	35.7	322.54	-0.281	-1.097	10.132	0.0343737	38.6554336548	0.0343737006187	1336.0	13.7254905701	9.80392169952	98.0	Straight Road	Ng Jin Boon	Good	0
234	234	244	244	244	Tue Nov 01 16:48:10 GMT+08:00 2016	01-Nov-2016 16:48:09.036	103.32789	2.03028666667	10.514746	2.8	35.6	320.43	-0.331	-0.973	10.093	0.053168476	37.8530845642	0.0531684756279	1288.25	13.7254905701	9.80392169952	98.0	Straight Road	Ng Jin Boon	Good	0
235	235	245	245	245	Tue Nov 01 16:48:11 GMT+08:00 2016	01-Nov-2016 16:48:10.035	103.327825	2.03035833333	10.519893	2.8	35.8	317.92	0.256	-0.067	10.037	0.025479717	37.8716125488	0.0254797171801	1284.5	14.117647171	9.80392169952	98.0	Straight Road	Ng Jin Boon	Good	0
236	236	246	246	246	Tue Nov 01 16:48:12 GMT+08:00 2016	01-Nov-2016 16:48:11.035	103.327758333	2.030425	10.53482	2.9	35.7	314.08	0.415	-0.897	9.984	0.04171151	37.9253501892	0.0417115092278	1257.75	13.7254905701	9.80392169952	98.0	Straight Road	Ng Jin Boon	Good	0
237	237	247	247	247	Tue Nov 01 16:48:13 GMT+08:00 2016	01-Nov-2016 16:48:12.035	103.327686667	2.03048833333	10.443199	2.9	35.8	310.4	0.335	-0.157	9.963	0.03529626	37.5955162048	0.0352962613106	1170.0	14.509803772	9.80392169952	98.0	Straight Road	Ng Jin Boon	Good	0
238	238	248	248	248	Tue Nov 01 16:48:14 GMT+08:00 2016	01-Nov-2016 16:48:13.036	103.327613333	2.030545	9.99745	3.0	35.9	305.88	0.148	-0.143	10.331	0.07231802	35.9908180237	0.0723180174828	1161.25	10.5882358551	9.80392169952	98.0	Straight Road	Ng Jin Boon	Good	0
239	239	249	249	249	Tue Nov 01 16:48:15 GMT+08:00 2016	01-Nov-2016 16:48:14.036	103.32754	2.03059333333	9.5697155	3.0	35.7	303.69	0.374	-0.52	9.777	0.017772615	34.4509735107	0.0177726149559	1139.0	9.01960754395	9.80392169952	98.0	Straight Road	Ng Jin Boon	Good	0
240	240	250	250	250	Tue Nov 01 16:48:16 GMT+08:00 2016	01-Nov-2016 16:48:15.036	103.327463333	2.03064	9.826047	3.0	35.6	300.15	-0.128	-0.736	9.757	0.01650834	35.3737678528	0.0165083408356	1088.25	9.41176509857	9.80392169952	98.0	Straight Road	Ng Jin Boon	Good	0
241	241	251	251	251	Tue Nov 01 16:48:17 GMT+08:00 2016	01-Nov-2016 16:48:16.036	103.327381667	2.03068333333	9.429711	3.0	35.3	300.2	-0.008	-1.325	9.947	0.041921794	33.9469604492	0.0419217944145	1010.25	9.80392169952	9.80392169952	98.0	Straight Road	Ng Jin Boon	Good	0
242	242	252	252	252	Tue Nov 01 16:48:18 GMT+08:00 2016	01-Nov-2016 16:48:17.036	103.327305	2.03072166667	9.169262	3.0	35.1	298.01	-0.026	-0.502	9.468	0.021707466	33.0093421936	0.0289495829493	897.25	12.1568632126	9.80392169952	98.0	Straight Road	Ng Jin Boon	Good	0
243	243	253	253	253	Tue Nov 01 16:48:19 GMT+08:00 2016	01-Nov-2016 16:48:18.036	103.327243333	2.030755	8.015769	3.1	35.1	297.53	-0.232	-1.243	10.081	0.05467707	28.8567676544	0.0546770691872	770.5	13.7254905701	9.80392169952	98.0	Straight Road	Ng Jin Boon	Good	0
244	244	254	254	254	Tue Nov 01 16:48:20 GMT+08:00 2016	01-Nov-2016 16:48:19.036	103.327186667	2.03078	6.9961042	3.1	35.6	293.42	-0.167	-1.498	9.89	0.038796008	25.1859741211	0.0387960076332	787.0	16.0784320831	9.80392169952	98.0	Intersection	Ng Jin Boon	Good	0
245	245	255	255	255	Tue Nov 01 16:48:21 GMT+08:00 2016	01-Nov-2016 16:48:20.037	103.327135	2.03079666667	6.2600517	3.1	35.6	287.01	-0.396	-1.893	10.011	0.058357418	22.5361862183	0.0583574175835	601.25	18.4313735962	9.80392169952	98.0	Intersection	Ng Jin Boon	Good	0
246	246	256	256	256	Tue Nov 01 16:48:22 GMT+08:00 2016	01-Nov-2016 16:48:21.036	103.327088333	2.03080833333	5.674298	3.2	35.7	280.05	-0.277	0.325	10.217	0.061397493	20.4274711609	0.0613974928856	779.25	14.509803772	9.80392169952	98.0	Intersection	Ng Jin Boon	Good	0
247	247	257	257	257	Tue Nov 01 16:48:23 GMT+08:00 2016	01-Nov-2016 16:48:22.037	103.32705	2.03081333333	4.6119113	3.2	36.2	273.4	-0.687	0.928	9.823	0.022706628	16.6028804779	0.0227066278458	748.75	33.7254905701	9.80392169952	98.0	Intersection	Ng Jin Boon	Good	0
248	248	258	258	258	Tue Nov 01 16:48:24 GMT+08:00 2016	01-Nov-2016 16:48:23.036	103.32702	2.03081	3.5582747	3.2	36.1	264.46	-2.22	0.51	9.669	0.031607807	12.8097887039	0.0316078066826	1275.75	37.254901886	16.0784320831	98.0	Intersection	Ng Jin Boon	Good	0
249	249	259	259	259	Tue Nov 01 16:48:25 GMT+08:00 2016	01-Nov-2016 16:48:24.036	103.326993333	2.0308	3.0996573	3.2	36.1	251.59	-1.17	2.075	9.62	0.02924925	11.1587657928	0.0292492508888	1414.5	36.4705886841	18.8235301971	98.0	Intersection	Ng Jin Boon	Good	0
250	250	260	260	260	Tue Nov 01 16:48:26 GMT+08:00 2016	01-Nov-2016 16:48:25.036	103.326973333	2.03078333333	3.1202462	3.3	35.8	226.1	-0.383	1.954	9.2	0.026278079	11.2328863144	0.0262780785561	1784.25	52.9411773682	21.9607849121	98.0	Straight Road	Ng Jin Boon	Good	0
251	251	261	261	261	Tue Nov 01 16:48:27 GMT+08:00 2016	01-Nov-2016 16:48:26.036	103.326951667	2.03075666667	3.813577	3.2	36.0	215.58	0.099	1.404	9.422	-0.009894311	13.7288770676	-0.00989431142807	2502.25	51.764705658	23.5294113159	98.0	Straight Road	Ng Jin Boon	Good	0
252	252	262	262	262	Tue Nov 01 16:48:28 GMT+08:00 2016	01-Nov-2016 16:48:27.035	103.326928333	2.03071333333	5.3150215	3.2	35.8	211.82	0.162	1.43	9.815	0.030207694	19.1340770721	0.0302076935768	1882.25	56.0784339905	23.9215698242	98.0	Straight Road	Ng Jin Boon	Good	0
253	253	263	263	263	Tue Nov 01 16:48:29 GMT+08:00 2016	01-Nov-2016 16:48:28.035	103.326896667	2.03065	7.6755376	3.2	35.2	210.45	0.025	1.465	9.396	-0.011626303	27.6319351196	-0.011626303196	1966.75	59.2156867981	23.9215698242	98.0	Straight Road	Ng Jin Boon	Good	0
254	254	264	264	264	Tue Nov 01 16:48:30 GMT+08:00 2016	01-Nov-2016 16:48:29.036	103.326868333	2.03057333333	9.129113	3.2	33.9	205.35	0.453	1.441	9.841	0.033908427	32.8648071289	0.0339084267616	2084.0	56.4705886841	24.3137264252	98.0	Straight Road	Ng Jin Boon	Good	0
255	255	265	265	265	Tue Nov 01 16:48:31 GMT+08:00 2016	01-Nov-2016 16:48:30.037	103.326838333	2.03048666667	10.168852	3.2	32.7	204.04	0.58	1.329	9.73	0.02179867	36.6078643799	0.0217986702919	2273.5	56.0784339905	24.3137264252	98.0	Straight Road	Ng Jin Boon	Good	0
256	256	266	266	266	Tue Nov 01 16:48:32 GMT+08:00 2016	01-Nov-2016 16:48:31.036	103.326798333	2.03039333333	11.233297	3.2	32.0	203.99	0.129	1.292	9.456	-0.008040965	40.439868927	-0.00804096460342	2413.0	54.9019622803	23.9215698242	98.0	Straight Road	Ng Jin Boon	Good	0
257	257	267	267	267	Tue Nov 01 16:48:33 GMT+08:00 2016	01-Nov-2016 16:48:32.036	103.32675	2.03029333333	12.266345	3.2	31.9	203.2	0.553	1.398	9.397	-0.0109182	44.1588401794	-0.010918200016	2516.0	52.9411773682	23.5294113159	98.0	Straight Road	Ng Jin Boon	Good	0
258	258	268	268	268	Tue Nov 01 16:48:34 GMT+08:00 2016	01-Nov-2016 16:48:33.036	103.326701667	2.030185	13.01681	3.2	31.6	202.89	0.21	1.007	9.423	-0.01474303	46.8605155945	-0.0147430300713	1871.75	58.0392150879	23.5294113159	98.0	Straight Road	Ng Jin Boon	Good	0
259	259	269	269	269	Tue Nov 01 16:48:35 GMT+08:00 2016	01-Nov-2016 16:48:34.036	103.326651667	2.03007166667	13.715803	3.1	31.2	201.86	0.317	0.976	9.292	-0.028044581	49.3768882751	-0.0280445814133	1893.75	56.8627471924	23.137254715	98.0	Straight Road	Ng Jin Boon	Good	0
260	260	270	270	270	Tue Nov 01 16:48:36 GMT+08:00 2016	01-Nov-2016 16:48:35.036	103.326606667	2.029955	13.938678	3.1	31.7	202.0	0.489	0.927	9.145	-0.042685866	50.1792373657	-0.0426858663559	1924.25	56.8627471924	23.137254715	98.0	Straight Road	Ng Jin Boon	Good	0
261	261	271	271	271	Tue Nov 01 16:48:37 GMT+08:00 2016	01-Nov-2016 16:48:36.036	103.32656	2.029835	14.076109	3.1	31.4	202.32	0.263	0.357	9.529	-0.008593142	50.673992157	-0.00859314203262	1811.5	56.0784339905	18.0392150879	98.0	Straight Road	Ng Jin Boon	Good	0
262	262	272	272	272	Tue Nov 01 16:48:38 GMT+08:00 2016	01-Nov-2016 16:48:37.035	103.326511667	2.02971166667	14.324204	3.1	31.1	202.79	0.444	-1.393	9.856	0.03468305	51.5671348572	0.0346830487251	1513.25	8.23529434204	9.80392169952	98.0	Straight Road	Ng Jin Boon	Good	0
263	263	273	273	273	Tue Nov 01 16:48:39 GMT+08:00 2016	01-Nov-2016 16:48:38.036	103.326463333	2.02959166667	13.982944	3.1	30.6	202.78	0.427	-2.021	9.607	0.020687759	50.338596344	0.0206877589226	1009.5	10.9803924561	9.80392169952	98.0	Straight Road	Ng Jin Boon	Good	0
264	264	274	274	274	Tue Nov 01 16:48:40 GMT+08:00 2016	01-Nov-2016 16:48:39.036	103.326425	2.02947166667	12.740404	3.1	30.0	203.04	0.0	-2.418	10.07	0.07468146	45.8654518127	0.0746814608574	770.5	10.1960783005	9.80392169952	98.0	Straight Road	Ng Jin Boon	Good	0
265	265	275	275	275	Tue Nov 01 16:48:41 GMT+08:00 2016	01-Nov-2016 16:48:40.038	103.32639	2.02936833333	11.15609	3.1	29.9	201.15	-1.969	-2.712	9.838	0.07844728	40.1619224548	0.0784472823143	723.0	20.0	9.80392169952	98.0	Straight Road	Ng Jin Boon	Good	0
266	266	276	276	276	Tue Nov 01 16:48:42 GMT+08:00 2016	01-Nov-2016 16:48:41.036	103.326356667	2.02928	9.75553	3.2	29.6	201.94	-0.015	-1.927	9.645	0.021612465	35.1199073792	0.0216124653816	719.75	20.0	9.80392169952	98.0	Straight Road	Ng Jin Boon	Good	0
267	267	277	277	277	Tue Nov 01 16:48:43 GMT+08:00 2016	01-Nov-2016 16:48:42.036	103.32634	2.029205	8.150111	3.2	29.3	195.77	-0.401	0.242	10.398	0.080013454	29.3403987885	0.0800134539604	604.75	21.9607849121	9.80392169952	98.0	Straight Road	Ng Jin Boon	Good	0
268	268	278	278	278	Tue Nov 01 16:48:44 GMT+08:00 2016	01-Nov-2016 16:48:43.036	103.326335	2.02914166667	7.1541243	3.2	29.8	190.89	0.46	0.477	9.283	-0.03231275	25.7548465729	-0.0323127508163	647.0	14.509803772	9.80392169952	98.0	Straight Road	Ng Jin Boon	Good	0
269	269	279	279	279	Tue Nov 01 16:48:45 GMT+08:00 2016	01-Nov-2016 16:48:44.036	103.326345	2.02908333333	6.005779	3.2	30.1	183.3	0.21	0.011	11.026	0.14315945	21.620803833	0.1431594491	623.0	14.9019613266	9.80392169952	98.0	Straight Road	Ng Jin Boon	Good	0
270	270	280	280	280	Tue Nov 01 16:48:46 GMT+08:00 2016	01-Nov-2016 16:48:45.036	103.326348333	2.02903166667	5.5064983	3.2	30.2	183.93	-0.559	0.184	10.463	0.08725053	19.823392868	0.0872505307198	658.0	14.509803772	9.80392169952	98.0	Straight Road	Ng Jin Boon	Good	0
271	271	281	281	281	Tue Nov 01 16:48:47 GMT+08:00 2016	01-Nov-2016 16:48:46.043	103.326346667	2.02898333333	5.422599	3.2	30.2	190.48	0.193	0.365	9.637	0.002266109	19.5213546753	0.00226610898972	658.25	14.117647171	9.80392169952	98.0	Straight Road	Ng Jin Boon	Good	0
272	272	282	282	282	Tue Nov 01 16:48:48 GMT+08:00 2016	01-Nov-2016 16:48:47.035	103.32634	2.028935	5.5785594	3.2	30.1	192.13	0.122	0.443	10.857	0.12671858	20.0828132629	0.126718580723	759.0	16.4705886841	10.9803924561	98.0	Straight Road	Ng Jin Boon	Good	0
273	273	283	283	283	Tue Nov 01 16:48:49 GMT+08:00 2016	01-Nov-2016 16:48:48.036	103.326328333	2.02888666667	5.846215	3.2	30.2	195.66	-0.584	0.814	9.49	-0.082822636	21.0463733673	-0.0828226357698	834.5	52.5490188599	10.9803924561	98.0	Straight Road	Ng Jin Boon	Good	0
274	274	284	284	284	Tue Nov 01 16:48:50 GMT+08:00 2016	01-Nov-2016 16:48:49.036	103.326313333	2.028835	5.843127	3.2	30.2	200.04	0.003	0.414	9.945	0.03363949	21.0352554321	0.0336394906044	1306.25	38.0392150879	15.6862745285	98.0	Straight Road	Ng Jin Boon	Good	0
275	275	285	285	285	Tue Nov 01 16:48:51 GMT+08:00 2016	01-Nov-2016 16:48:50.038	103.326295	2.02878666667	6.037177	3.2	30.2	202.69	0.581	0.701	9.477	-0.010496974	21.7338371277	-0.0104969739914	1275.25	38.4313735962	15.6862745285	98.0	Straight Road	Ng Jin Boon	Good	0
276	276	286	286	286	Tue Nov 01 16:48:52 GMT+08:00 2016	01-Nov-2016 16:48:51.035	103.32627	2.02873333333	6.9420586	3.2	30.2	206.01	-0.8	0.384	9.974	0.039733708	24.9914093018	0.0397337079048	1285.75	36.0784301758	15.6862745285	98.0	Straight Road	Ng Jin Boon	Good	0
277	277	287	287	287	Tue Nov 01 16:48:53 GMT+08:00 2016	01-Nov-2016 16:48:52.036	103.326246667	2.02867333333	7.6338453	3.3	30.3	206.43	-0.655	0.551	9.932	0.035188973	27.481842041	0.03518897295	1151.75	20.0	9.80392169952	98.0	Straight Road	Ng Jin Boon	Good	0
278	278	288	288	288	Tue Nov 01 16:48:54 GMT+08:00 2016	01-Nov-2016 16:48:53.035	103.32622	2.02860833333	7.9092216	3.3	30.2	206.11	0.139	0.645	9.475	-0.012809813	28.473197937	-0.0128098130226	950.25	17.254901886	9.80392169952	98.0	Straight Road	Ng Jin Boon	Good	0
279	279	289	289	289	Tue Nov 01 16:48:55 GMT+08:00 2016	01-Nov-2016 16:48:54.035	103.326195	2.02854333333	7.680685	3.3	30.1	205.87	-0.145	-0.673	9.775	0.017900348	27.6504650116	0.0179003477097	957.75	17.6470584869	9.80392169952	98.0	Straight Road	Ng Jin Boon	Good	0
280	280	290	290	290	Tue Nov 01 16:48:56 GMT+08:00 2016	01-Nov-2016 16:48:55.036	103.326163333	2.02847833333	7.345086	3.3	29.8	207.77	-0.162	-0.499	10.009	0.04068607	26.4423084259	0.040686070919	926.75	18.8235301971	9.80392169952	98.0	Straight Road	Ng Jin Boon	Good	0
281	281	291	291	291	Tue Nov 01 16:48:57 GMT+08:00 2016	01-Nov-2016 16:48:56.035	103.326135	2.02842166667	7.020811	3.3	29.0	206.69	0.796	-0.925	10.007	0.046638668	25.2749195099	0.0466386675835	841.0	20.0	9.80392169952	98.0	Straight Road	Ng Jin Boon	Good	0
282	282	292	292	292	Tue Nov 01 16:48:58 GMT+08:00 2016	01-Nov-2016 16:48:57.036	103.326118333	2.02836666667	6.7294784	3.4	28.9	205.03	0.702	-1.265	9.651	0.01378417	24.2261219025	0.0137841701508	788.0	22.3529415131	9.80392169952	98.0	Straight Road	Ng Jin Boon	Good	0
283	283	293	293	293	Tue Nov 01 16:48:59 GMT+08:00 2016	01-Nov-2016 16:48:58.036	103.326085	2.02832333333	5.881216	3.4	30.1	205.87	0.22	-0.49	11.084	0.15019327	21.1723766327	0.150193274021	691.25	25.490196228	9.80392169952	98.0	Straight Road	Ng Jin Boon	Good	0
284	284	294	294	294	Tue Nov 01 16:49:00 GMT+08:00 2016	01-Nov-2016 16:48:59.035	103.326065	2.02828666667	5.0061884	3.4	31.1	204.18	1.242	0.099	9.714	0.017325878	18.022277832	0.0173258781433	974.5	17.254901886	9.80392169952	98.0	Straight Road	Ng Jin Boon	Good	0
285	285	295	295	295	Tue Nov 01 16:49:01 GMT+08:00 2016	01-Nov-2016 16:49:00.036	103.326045	2.02825333333	4.1378517	3.4	32.2	205.27	0.797	0.166	9.779	0.019288361	14.8962659836	0.0192883610725	945.0	15.2941179276	9.80392169952	98.0	Straight Road	Ng Jin Boon	Good	0
286	286	296	296	296	Tue Nov 01 16:49:02 GMT+08:00 2016	01-Nov-2016 16:49:01.036	103.326023333	2.02822833333	3.6812932	3.4	33.2	213.2	0.169	-0.584	9.512	-0.009398699	13.2526550293	-0.00939869880676	923.75	19.607843399	9.80392169952	98.0	Straight Road	Ng Jin Boon	Good	0
287	287	297	297	297	Tue Nov 01 16:49:03 GMT+08:00 2016	01-Nov-2016 16:49:02.035	103.32602	2.02819833333	3.2700303	3.3	32.8	215.85	0.243	-0.872	9.766	0.018782139	11.7721090317	0.0187821388245	690.75	26.6666679382	9.80392169952	98.0	Straight Road	Ng Jin Boon	Good	0
288	288	298	298	298	Tue Nov 01 16:49:04 GMT+08:00 2016	01-Nov-2016 16:49:03.036	103.326013333	2.028175	2.2786753	3.3	34.2	216.02	0.126	0.303	9.535	-0.008457243	8.20323085785	-0.00845724344254	700.0	23.5294113159	9.80392169952	98.0	Straight Road	Ng Jin Boon	Good	0
289	289	299	299	299	Tue Nov 01 16:49:05 GMT+08:00 2016	01-Nov-2016 16:49:04.036	103.326013333	2.02815666667	1.2960706	3.3	35.2	216.02	0.215	0.485	9.786	0.018018305	4.6658539772	0.0180183053017	703.25	24.3137264252	9.80392169952	98.0	Straight Road	Ng Jin Boon	Good	0
