	GPS Time	 Device Time	 Longitude	 Latitude	GPS Speed (Meters/second)	 Horizontal Dilution of Precision	 Altitude	 Bearing	 G(x)	 G(y)	 G(z)	 G(calibrated)	Speed (GPS)(km/h)	Acceleration Sensor(Total)(g)	Engine RPM(rpm)	Engine Load(%)	Throttle Position(Manifold)(%)	Engine Coolant Temperature(Â°C)	Road Structure
0	Sat Oct 29 15:33:13 GMT+08:00 2016	29-Oct-2016 15:33:11.618	103.322063333	2.030355	0.23986055	4.0	99.3	51.01	0.791	-7.714	6.966	0.081573784	0.863497972488	0.0815737843513	665.0	22.745098114	9.41176509857	90.0	Intersection
1	Sat Oct 29 15:33:14 GMT+08:00 2016	29-Oct-2016 15:33:12.610	103.322068333	2.03036833333	0.21927166	3.7	99.3	51.01	0.834	-7.698	6.902	0.07635707	0.78937792778	0.0763570666313	656.25	23.137254715	9.41176509857	90.0	Intersection
2	Sat Oct 29 15:33:15 GMT+08:00 2016	29-Oct-2016 15:33:13.610	103.322073333	2.030375	0.13537194	3.6	99.3	51.01	0.718	-7.685	6.959	0.078370154	0.487338960171	0.078370153904	687.75	22.3529415131	9.41176509857	90.0	Intersection
3	Sat Oct 29 15:33:16 GMT+08:00 2016	29-Oct-2016 15:33:14.610	103.32208	2.03038	0.08956166	3.5	99.3	51.01	0.315	-7.661	7.04	0.08008188	0.322421967983	0.0800818800926	680.0	23.9215698242	9.41176509857	90.0	Intersection
4	Sat Oct 29 15:33:17 GMT+08:00 2016	29-Oct-2016 15:33:15.611	103.322078333	2.03038166667	0.03911889	3.4	99.3	51.01	0.614	-7.514	7.209	0.08230811	0.140827998519	0.082308113575	675.0	24.3137264252	9.41176509857	90.0	Intersection
5	Sat Oct 29 15:33:18 GMT+08:00 2016	29-Oct-2016 15:33:16.610	103.322076667	2.03038	0.0	3.4	99.3	51.01	0.158	-7.549	7.011	0.069327414	0.0	0.0693274140358	728.25	27.4509811401	10.1960783005	90.0	Intersection
6	Sat Oct 29 15:33:19 GMT+08:00 2016	29-Oct-2016 15:33:17.610	103.322073333	2.03037666667	0.0	3.3	99.4	51.01	0.401	-7.649	7.209	0.091216624	0.0	0.0912166237831	842.75	27.4509811401	10.5882358551	91.0	Intersection
7	Sat Oct 29 15:33:20 GMT+08:00 2016	29-Oct-2016 15:33:18.610	103.322065	2.03037	0.4822947	3.3	99.4	279.39	-0.255	-7.58	7.101	0.07809156	1.73626089096	0.0780915617943	1149.25	31.372549057	12.1568632126	91.0	Intersection
8	Sat Oct 29 15:33:21 GMT+08:00 2016	29-Oct-2016 15:33:19.610	103.322056667	2.03037666667	0.8595861	3.3	99.4	285.82	-0.517	-7.299	7.641	0.097448766	3.09450984001	0.0974487662315	1402.0	38.8235282898	13.7254905701	91.0	Intersection
9	Sat Oct 29 15:33:22 GMT+08:00 2016	29-Oct-2016 15:33:20.610	103.322051667	2.03045666667	0.0	8.4	99.9	285.82	0.501	-5.962	7.912	0.030160487	0.0	0.0301604866982	1653.5	36.4705886841	11.764705658	91.0	Intersection
10	Sat Oct 29 15:33:23 GMT+08:00 2016	29-Oct-2016 15:33:21.611	103.322036667	2.03030333333	0.0	5.7	99.8	299.1	-0.404	-8.069	7.848	0.101817235	0.0	0.101817235351	1838.5	47.0588226318	14.9019613266	91.0	Intersection
11	Sat Oct 29 15:33:23 GMT+08:00 2016	29-Oct-2016 15:33:22.612	103.322036667	2.03030333333	0.0	5.7	99.8	299.1	-0.357	-7.758	7.382	0.11123711	0.0	0.111237108707	2145.75	49.4117660522	19.2156867981	91.0	Intersection
12	Sat Oct 29 15:33:25 GMT+08:00 2016	29-Oct-2016 15:33:23.611	103.322021667	2.03036666667	3.6699696	4.9	99.7	312.66	-0.429	-7.33	7.738	0.10638219	13.2118902206	0.106382191181	1978.5	45.0980415344	16.0784320831	91.0	Intersection
13	Sat Oct 29 15:33:26 GMT+08:00 2016	29-Oct-2016 15:33:24.610	103.321978333	2.03043	4.684487	4.7	99.7	320.39	0.561	-7.768	6.847	0.0760898	16.8641529083	0.0760897994041	1570.0	54.509803772	10.5882358551	91.0	Intersection
14	Sat Oct 29 15:33:27 GMT+08:00 2016	29-Oct-2016 15:33:25.610	103.321958333	2.030495	5.534293	4.3	99.7	334.07	0.389	-8.03	6.756	0.089461386	19.9234542847	0.0894613862038	1476.25	29.0196075439	10.5882358551	91.0	Intersection
15	Sat Oct 29 15:33:28 GMT+08:00 2016	29-Oct-2016 15:33:26.611	103.321925	2.03055833333	6.108723	4.0	99.6	337.36	0.704	-7.776	7.061	0.09209722	21.9914035797	0.092097222805	1580.25	26.2745094299	11.764705658	91.0	Intersection
16	Sat Oct 29 15:33:29 GMT+08:00 2016	29-Oct-2016 15:33:27.610	103.321901667	2.030615	6.391306	3.9	99.5	342.41	1.12	-7.807	7.175	0.10587901	23.0087013245	0.10587900877	1294.0	18.0392150879	9.41176509857	91.0	Intersection
17	Sat Oct 29 15:33:30 GMT+08:00 2016	29-Oct-2016 15:33:28.610	103.321886667	2.03068166667	6.5699143	3.8	99.5	344.2	0.981	-7.471	6.889	0.059736907	23.6516914368	0.0597369074821	1396.25	16.862745285	9.41176509857	91.0	Straight Road
18	Sat Oct 29 15:33:31 GMT+08:00 2016	29-Oct-2016 15:33:29.610	103.321871667	2.03074833333	6.6641088	3.7	99.5	342.82	1.761	-7.431	6.52	0.042596042	23.9907913208	0.0425960421562	1341.0	16.862745285	9.41176509857	91.0	Intersection
19	Sat Oct 29 15:33:32 GMT+08:00 2016	29-Oct-2016 15:33:30.610	103.321855	2.03081	6.4716024	3.7	99.6	342.29	1.815	-7.714	7.184	0.10934204	23.2977676392	0.120439231396	1126.75	16.862745285	9.41176509857	91.0	Intersection
20	Sat Oct 29 15:33:33 GMT+08:00 2016	29-Oct-2016 15:33:31.610	103.321841667	2.03086833333	6.076296	3.6	99.6	342.52	2.816	-7.629	7.071	0.1175105	21.8746643066	0.11751049757	1039.75	20.7843132019	9.41176509857	91.0	Intersection
21	Sat Oct 29 15:33:34 GMT+08:00 2016	29-Oct-2016 15:33:32.609	103.321835	2.030925	5.6305466	3.5	99.8	340.4	1.216	-7.741	7.115	0.08079487	20.2699680328	0.0790825709701	981.25	20.7843132019	9.41176509857	91.0	Intersection
22	Sat Oct 29 15:33:35 GMT+08:00 2016	29-Oct-2016 15:33:33.610	103.321826667	2.03095333333	4.311313	3.5	99.8	341.0	0.946	-7.846	6.683	0.07401937	15.5207271576	0.0788385272026	864.0	23.5294113159	9.41176509857	91.0	Intersection
23	Sat Oct 29 15:33:36 GMT+08:00 2016	29-Oct-2016 15:33:34.610	103.321828333	2.03098	2.949873	3.4	99.8	344.62	1.048	-7.85	6.766	0.08080548	10.6195421219	0.0808054804802	833.25	24.7058830261	9.41176509857	91.0	Intersection
24	Sat Oct 29 15:33:37 GMT+08:00 2016	29-Oct-2016 15:33:35.610	103.321836667	2.03100333333	2.1041844	3.4	99.8	357.48	0.827	-8.022	6.675	0.08613771	7.57506370544	0.0861377120018	814.5	24.7058830261	9.41176509857	91.0	Intersection
25	Sat Oct 29 15:33:38 GMT+08:00 2016	29-Oct-2016 15:33:36.611	103.321851667	2.031025	1.3187183	3.4	99.8	10.4	0.349	-7.963	6.547	0.07045406	4.7473859787	0.0704540610313	772.25	23.5294113159	9.41176509857	91.0	Intersection
26	Sat Oct 29 15:33:39 GMT+08:00 2016	29-Oct-2016 15:33:37.610	103.321861667	2.03102666667	0.7154639	3.3	99.7	0.15	0.534	-7.944	6.736	0.08210832	2.57567000389	0.0821083188057	767.75	23.5294113159	9.41176509857	91.0	Intersection
27	Sat Oct 29 15:33:40 GMT+08:00 2016	29-Oct-2016 15:33:38.609	103.321863333	2.031025	0.46170583	3.3	99.6	353.51	0.507	-7.933	6.774	0.083625376	1.66214096546	0.0836253762245	761.5	23.5294113159	9.41176509857	91.0	Intersection
28	Sat Oct 29 15:33:41 GMT+08:00 2016	29-Oct-2016 15:33:39.610	103.321871667	2.031035	0.0	3.2	99.5	13.25	0.588	-7.918	6.729	0.07992607	0.0	0.0799260735512	753.0	23.137254715	9.41176509857	91.0	Intersection
29	Sat Oct 29 15:33:42 GMT+08:00 2016	29-Oct-2016 15:33:40.610	103.32187	2.031045	0.0	3.2	99.4	14.97	0.574	-7.931	6.72	0.0802626	0.0	0.0802626013756	736.75	21.9607849121	9.41176509857	91.0	Intersection
30	Sat Oct 29 15:33:43 GMT+08:00 2016	29-Oct-2016 15:33:41.610	103.321868333	2.03105166667	0.0	3.2	99.4	21.95	0.596	-7.914	6.717	0.07887167	0.0	0.0788716673851	722.0	21.9607849121	9.41176509857	91.0	Intersection
31	Sat Oct 29 15:33:44 GMT+08:00 2016	29-Oct-2016 15:33:42.610	103.321868333	2.03105166667	0.0	3.2	99.4	21.95	0.563	-7.94	6.736	0.08195335	0.0	0.0819533467293	712.75	21.9607849121	9.41176509857	91.0	Intersection
32	Sat Oct 29 15:33:45 GMT+08:00 2016	29-Oct-2016 15:33:43.609	103.321868333	2.03105166667	0.0	3.1	99.4	21.95	0.552	-7.94	6.751	0.08288175	0.0	0.0828817486763	697.0	21.5686283112	9.41176509857	91.0	Intersection
33	Sat Oct 29 15:33:46 GMT+08:00 2016	29-Oct-2016 15:33:44.610	103.321868333	2.03105166667	0.0	3.1	99.4	24.77	0.546	-7.956	6.747	0.083827555	0.0	0.0838275551796	703.5	22.3529415131	9.41176509857	92.0	Intersection
34	Sat Oct 29 15:33:47 GMT+08:00 2016	29-Oct-2016 15:33:45.609	103.321868333	2.03105166667	0.0	3.1	99.4	24.77	0.445	-7.95	6.685	0.07879835	0.0	0.078798353672	707.0	25.490196228	9.41176509857	92.0	Intersection
35	Sat Oct 29 15:33:48 GMT+08:00 2016	29-Oct-2016 15:33:46.609	103.321868333	2.03105166667	0.0	3.1	99.4	24.77	0.052	-8.102	6.619	0.08547658	0.0	0.085476577282	854.75	43.1372566223	9.41176509857	92.0	Intersection
36	Sat Oct 29 15:33:49 GMT+08:00 2016	29-Oct-2016 15:33:47.610	103.321868333	2.03105166667	0.0	3.1	99.4	24.77	-1.024	-8.448	6.367	0.1023919	0.0	0.102391898632	1293.75	43.5294113159	19.2156867981	92.0	Intersection
37	Sat Oct 29 15:33:50 GMT+08:00 2016	29-Oct-2016 15:33:48.610	103.321868333	2.03105166667	0.0	3.0	99.4	24.77	0.049	-9.272	5.778	0.13266903	0.0	0.13266903162	1355.75	48.235294342	13.3333339691	92.0	Intersection
38	Sat Oct 29 15:33:51 GMT+08:00 2016	29-Oct-2016 15:33:49.612	103.321868333	2.03105166667	0.0	3.0	99.4	24.77	0.42	-9.749	5.007	0.13700753	0.0	0.137007534504	1737.75	56.4705886841	16.0784320831	93.0	Intersection
39	Sat Oct 29 15:33:52 GMT+08:00 2016	29-Oct-2016 15:33:50.611	103.321823333	2.03110166667	1.0520922	3.0	99.0	315.42	-0.463	-9.625	4.913	0.121579945	3.78753185272	0.121579945087	1998.0	60.3921585083	18.8235301971	93.0	Intersection
40	Sat Oct 29 15:33:53 GMT+08:00 2016	29-Oct-2016 15:33:51.610	103.321811667	2.03110833333	2.01977	3.0	98.9	291.44	-0.371	-8.333	5.99	0.065810144	7.27117156982	0.0658101439476	2482.0	52.9411773682	18.4313735962	93.0	Intersection
41	Sat Oct 29 15:33:54 GMT+08:00 2016	29-Oct-2016 15:33:52.610	103.321785	2.03110833333	3.5366564	3.0	99.0	269.32	-0.356	-8.297	6.551	0.097231805	12.731962204	0.0972318053246	1958.75	55.2941169739	17.6470584869	93.0	Intersection
42	Sat Oct 29 15:33:55 GMT+08:00 2016	29-Oct-2016 15:33:53.609	103.32174	2.0311	5.750477	3.0	99.0	259.74	0.483	-8.007	6.439	0.06754297	20.7017154694	0.0675429701805	1974.75	27.0588245392	9.41176509857	92.0	Intersection
43	Sat Oct 29 15:33:56 GMT+08:00 2016	29-Oct-2016 15:33:54.610	103.321686667	2.031085	6.9096313	3.0	99.2	254.49	1.546	-7.808	6.953	0.09634799	24.874671936	0.0963479876518	1397.5	18.4313735962	9.41176509857	92.0	Intersection
44	Sat Oct 29 15:33:57 GMT+08:00 2016	29-Oct-2016 15:33:55.609	103.321625	2.03106333333	7.7316427	3.0	99.4	252.75	2.01	-7.641	7.128	0.10372132	27.8339138031	0.103721320629	1004.25	20.0	9.41176509857	92.0	Intersection
45	Sat Oct 29 15:33:58 GMT+08:00 2016	29-Oct-2016 15:33:56.610	103.321565	2.03104333333	7.1186085	3.0	99.5	252.6	2.466	-7.409	6.887	0.08034366	25.6269893646	0.0727408528328	1277.25	17.254901886	9.41176509857	92.0	Intersection
46	Sat Oct 29 15:33:59 GMT+08:00 2016	29-Oct-2016 15:33:57.610	103.321515	2.031025	6.1874757	3.0	99.6	252.0	2.774	-7.292	7.143	0.0972715	22.2749118805	0.097271502018	1050.0	20.392156601	9.41176509857	92.0	Intersection
47	Sat Oct 29 15:34:00 GMT+08:00 2016	29-Oct-2016 15:33:58.612	103.321476667	2.03101166667	4.5743365	3.1	99.8	250.43	1.983	-7.536	7.027	0.08861917	16.4676113129	0.0840775370598	911.5	21.5686283112	9.41176509857	92.0	Intersection
48	Sat Oct 29 15:34:01 GMT+08:00 2016	29-Oct-2016 15:33:59.609	103.321451667	2.031	3.0100956	3.1	99.8	249.95	1.45	-7.659	6.95	0.08357006	10.8363437653	0.0835700631142	797.25	23.137254715	9.41176509857	92.0	Intersection
49	Sat Oct 29 15:34:02 GMT+08:00 2016	29-Oct-2016 15:34:00.610	103.321433333	2.03099166667	2.0244026	3.1	99.8	254.41	1.119	-7.706	6.936	0.081994474	7.28784942627	0.0819944739342	798.0	23.9215698242	9.41176509857	92.0	Intersection
50	Sat Oct 29 15:34:03 GMT+08:00 2016	29-Oct-2016 15:34:01.609	103.321425	2.030995	0.0	3.1	99.6	254.41	0.704	-7.816	6.889	0.08346516	0.0	0.0834651589394	779.75	23.137254715	9.41176509857	92.0	Intersection
51	Sat Oct 29 15:34:04 GMT+08:00 2016	29-Oct-2016 15:34:02.609	103.321423333	2.030995	0.0	3.1	99.6	254.41	0.723	-7.724	6.804	0.07086378	0.0	0.0893332362175	770.75	23.137254715	9.41176509857	92.0	Intersection
52	Sat Oct 29 15:34:05 GMT+08:00 2016	29-Oct-2016 15:34:03.610	103.32142	2.030995	0.0	3.1	99.6	254.41	0.772	-7.819	6.884	0.0838477	0.0	0.0838477015495	771.5	23.137254715	9.41176509857	93.0	Intersection
53	Sat Oct 29 15:34:06 GMT+08:00 2016	29-Oct-2016 15:34:04.610	103.32142	2.030995	0.0	3.0	99.6	254.41	0.77	-7.789	6.84	0.078588784	0.0	0.078588783741	761.5	23.137254715	9.41176509857	93.0	Intersection
54	Sat Oct 29 15:34:07 GMT+08:00 2016	29-Oct-2016 15:34:05.610	103.32142	2.030995	0.0	3.0	99.6	254.41	0.729	-7.834	6.91	0.086425245	0.0	0.0802449584007	738.25	22.3529415131	9.41176509857	93.0	Intersection
55	Sat Oct 29 15:34:08 GMT+08:00 2016	29-Oct-2016 15:34:06.610	103.32142	2.030995	0.0	3.0	99.6	254.41	0.718	-7.796	6.827	0.07787293	0.0	0.0778729319572	725.0	21.9607849121	9.41176509857	93.0	Intersection
56	Sat Oct 29 15:34:09 GMT+08:00 2016	29-Oct-2016 15:34:07.613	103.32142	2.030995	0.0	1.2	99.6	254.41	0.706	-7.794	6.879	0.08112818	0.0	0.081128180027	714.25	21.9607849121	9.41176509857	93.0	Intersection
57	Sat Oct 29 15:34:10 GMT+08:00 2016	29-Oct-2016 15:34:08.610	103.32142	2.030995	0.0	1.4	99.6	254.41	0.429	-7.823	6.799	0.07644266	0.0	0.0764426589012	710.5	21.9607849121	9.41176509857	93.0	Intersection
58	Sat Oct 29 15:34:11 GMT+08:00 2016	29-Oct-2016 15:34:09.610	103.32142	2.030995	0.0	1.5	99.6	254.41	-0.642	-8.12	6.7	0.0941146	0.0	0.0941146016121	1083.75	29.4117660522	11.764705658	93.0	Intersection
59	Sat Oct 29 15:34:12 GMT+08:00 2016	29-Oct-2016 15:34:10.610	103.32142	2.030995	0.0	1.6	99.6	254.41	-1.192	-8.234	6.616	0.10256022	0.0	0.102560222149	1529.75	41.5686264038	14.9019613266	93.0	Intersection
60	Sat Oct 29 15:34:13 GMT+08:00 2016	29-Oct-2016 15:34:11.610	103.32142	2.030995	0.0	1.8	99.6	254.41	-0.095	-7.968	6.778	0.085393965	0.0	0.0853939652443	1664.75	49.0196075439	12.9411764145	93.0	Intersection
61	Sat Oct 29 15:34:14 GMT+08:00 2016	29-Oct-2016 15:34:12.610	103.32142	2.030995	0.0	1.9	99.6	254.41	0.854	-7.707	6.771	0.068372786	0.0	0.0683727860451	1675.5	30.5882358551	9.41176509857	94.0	Intersection
62	Sat Oct 29 15:34:15 GMT+08:00 2016	29-Oct-2016 15:34:13.610	103.321365	2.030975	3.292678	2.0	99.8	247.62	0.887	-7.752	6.922	0.08224696	11.8536405563	0.0822469592094	1436.5	29.4117660522	9.41176509857	94.0	Straight Road
63	Sat Oct 29 15:34:16 GMT+08:00 2016	29-Oct-2016 15:34:14.610	103.321333333	2.03096	4.0168924	2.1	100.0	246.05	-0.326	-8.108	6.875	0.10313779	14.4608125687	0.103137791157	1832.5	28.235294342	12.1568632126	94.0	Straight Road
64	Sat Oct 29 15:34:17 GMT+08:00 2016	29-Oct-2016 15:34:15.610	103.3213	2.030945	3.7492366	2.2	100.1	244.54	0.12	-8.05	6.948	0.103042066	13.4972515106	0.103042066097	2126.5	46.2745094299	14.9019613266	94.0	Straight Road
65	Sat Oct 29 15:34:18 GMT+08:00 2016	29-Oct-2016 15:34:16.614	103.321261667	2.03093166667	4.266018	2.3	100.0	247.44	0.305	-7.667	6.314	0.031938493	15.3576641083	0.0319384932518	1516.75	32.5490188599	12.9411764145	94.0	Straight Road
66	Sat Oct 29 15:34:19 GMT+08:00 2016	29-Oct-2016 15:34:17.610	103.32122	2.03091333333	4.9022145	2.4	99.9	245.92	0.071	-8.091	6.793	0.09593779	17.6479721069	0.0959377884865	1751.5	43.5294113159	14.509803772	94.0	Straight Road
67	Sat Oct 29 15:34:20 GMT+08:00 2016	29-Oct-2016 15:34:18.610	103.321175	2.030895	5.4045835	2.5	99.7	247.3	0.155	-8.001	6.518	0.07109612	19.4564990997	0.0710961222649	1797.25	39.2156867981	14.117647171	93.0	Straight Road
68	Sat Oct 29 15:34:21 GMT+08:00 2016	29-Oct-2016 15:34:19.611	103.321121667	2.030875	6.1740932	2.6	99.7	248.61	0.934	-7.885	6.682	0.07685989	22.2267341614	0.0768598914146	1667.75	25.0980396271	9.41176509857	93.0	Straight Road
69	Sat Oct 29 15:34:22 GMT+08:00 2016	29-Oct-2016 15:34:20.611	103.321061667	2.03085166667	7.1253	2.6	99.6	249.77	0.925	-8.19	6.599	0.09528321	25.6510791779	0.0952832102776	1631.5	16.862745285	9.41176509857	93.0	Straight Road
70	Sat Oct 29 15:34:23 GMT+08:00 2016	29-Oct-2016 15:34:21.612	103.320996667	2.03083	7.5000176	2.7	99.4	250.84	0.304	-8.322	6.575	0.10058111	27.0000629425	0.100581109524	1756.5	32.1568641663	13.7254905701	93.0	Traffic Light Intersection
71	Sat Oct 29 15:34:24 GMT+08:00 2016	29-Oct-2016 15:34:22.611	103.320928333	2.03081	7.625095	2.8	99.2	251.38	1.142	-8.251	6.613	0.103154	27.450340271	0.10315400362	1814.25	16.862745285	9.41176509857	93.0	Traffic Light Intersection
72	Sat Oct 29 15:34:25 GMT+08:00 2016	29-Oct-2016 15:34:23.611	103.32086	2.03078666667	7.7208333	2.8	98.9	249.55	2.242	-7.565	6.76	0.07812959	27.7950000763	0.0781295895576	1146.75	14.509803772	9.41176509857	92.0	Traffic Light Intersection
73	Sat Oct 29 15:34:26 GMT+08:00 2016	29-Oct-2016 15:34:24.610	103.320785	2.03076666667	7.991577	2.8	98.5	248.11	2.81	-7.61	6.849	0.101245224	28.7696762085	0.101245224476	886.5	20.0	9.41176509857	92.0	Traffic Light Intersection
74	Sat Oct 29 15:34:27 GMT+08:00 2016	29-Oct-2016 15:34:25.611	103.320718333	2.030745	7.29207	2.9	97.9	249.47	2.901	-6.963	6.674	0.04568845	26.2514514923	0.0456884503365	843.25	23.5294113159	9.41176509857	92.0	Traffic Light Intersection
75	Sat Oct 29 15:34:28 GMT+08:00 2016	29-Oct-2016 15:34:26.610	103.320665	2.03072333333	6.2121825	2.9	97.2	247.08	1.228	-7.992	6.806	0.09636003	22.3638572693	0.0963600277901	993.75	20.7843132019	9.41176509857	92.0	Traffic Light Intersection
76	Sat Oct 29 15:34:29 GMT+08:00 2016	29-Oct-2016 15:34:27.610	103.320625	2.03070666667	4.9228034	3.0	96.9	246.29	2.083	-7.514	6.866	0.07806903	17.7220916748	0.0780690312386	929.5	21.5686283112	9.41176509857	93.0	Traffic Light Intersection
77	Sat Oct 29 15:34:30 GMT+08:00 2016	29-Oct-2016 15:34:28.611	103.320596667	2.030695	3.7548985	3.1	96.5	244.85	1.913	-7.665	6.887	0.087356746	13.5176343918	0.0873567461967	793.25	24.3137264252	9.41176509857	93.0	Straight Road
78	Sat Oct 29 15:34:31 GMT+08:00 2016	29-Oct-2016 15:34:29.614	103.320573333	2.03069	2.6410396	3.1	96.1	243.71	0.667	-7.908	6.757	0.081484616	9.5077419281	0.0838916748762	792.75	23.9215698242	9.41176509857	93.0	Straight Road
79	Sat Oct 29 15:34:32 GMT+08:00 2016	29-Oct-2016 15:34:30.611	103.320563333	2.03069	1.4015886	3.1	95.7	243.71	0.735	-7.895	6.763	0.081342876	5.04571866989	0.0813428759575	777.0	22.745098114	9.41176509857	93.0	Straight Road
80	Sat Oct 29 15:34:33 GMT+08:00 2016	29-Oct-2016 15:34:31.610	103.32056	2.030695	0.0	3.1	94.9	243.71	0.729	-7.915	6.668	0.076595604	0.0	0.0765956044197	777.0	23.9215698242	9.41176509857	93.0	Straight Road
81	Sat Oct 29 15:34:34 GMT+08:00 2016	29-Oct-2016 15:34:32.611	103.320561667	2.03069833333	0.0	3.1	95.7	243.71	0.754	-7.862	6.735	0.07708126	0.0	0.0770812630653	764.0	23.137254715	9.41176509857	93.0	Straight Road
82	Sat Oct 29 15:34:35 GMT+08:00 2016	29-Oct-2016 15:34:33.612	103.32056	2.03070166667	0.0	3.0	96.1	243.71	0.713	-7.906	6.786	0.08355886	0.0	0.0835588574409	769.5	23.137254715	9.41176509857	93.0	Straight Road
83	Sat Oct 29 15:34:36 GMT+08:00 2016	29-Oct-2016 15:34:34.611	103.32056	2.03070166667	0.0	3.0	96.1	243.71	0.501	-7.976	6.665	0.07977861	0.0	0.07977861166	759.0	22.745098114	9.41176509857	93.0	Straight Road
84	Sat Oct 29 15:34:37 GMT+08:00 2016	29-Oct-2016 15:34:35.615	103.32056	2.03070166667	0.0	3.0	96.1	243.71	0.246	-7.966	6.658	0.08161128	0.0	0.0816112831235	747.5	23.5294113159	9.41176509857	93.0	Straight Road
85	Sat Oct 29 15:34:38 GMT+08:00 2016	29-Oct-2016 15:34:36.612	103.32056	2.03070166667	0.0	3.0	96.1	243.71	0.38	-8.022	6.666	0.082921565	0.0	0.082921564579	742.5	23.137254715	9.41176509857	93.0	Straight Road
86	Sat Oct 29 15:34:39 GMT+08:00 2016	29-Oct-2016 15:34:37.610	103.32056	2.03070166667	0.0	3.0	96.1	243.71	0.48	-8.063	6.699	0.088700116	0.0	0.0887001156807	757.0	23.137254715	9.41176509857	94.0	Straight Road
87	Sat Oct 29 15:34:40 GMT+08:00 2016	29-Oct-2016 15:34:38.609	103.32056	2.03070166667	0.0	3.0	96.1	243.71	0.428	-8.075	6.69	0.08882612	0.0	0.0888261198997	949.25	32.9411773682	9.41176509857	94.0	Straight Road
88	Sat Oct 29 15:34:41 GMT+08:00 2016	29-Oct-2016 15:34:39.610	103.32056	2.03070166667	0.0	3.0	96.1	243.71	1.592	-7.769	6.811	0.084624946	0.0	0.0846249461174	957.75	43.1372566223	9.41176509857	95.0	Straight Road
89	Sat Oct 29 15:34:42 GMT+08:00 2016	29-Oct-2016 15:34:40.609	103.32056	2.03070166667	0.0	3.1	96.1	243.71	1.656	-7.801	6.777	0.085814536	0.0	0.0858145356178	970.25	41.9607849121	9.41176509857	95.0	Straight Road
90	Sat Oct 29 15:34:43 GMT+08:00 2016	29-Oct-2016 15:34:41.610	103.32056	2.03070166667	0.0	3.0	96.1	243.71	0.775	-7.985	6.68	0.08316964	0.0	0.0831696391106	981.25	39.2156867981	9.41176509857	95.0	Straight Road
91	Sat Oct 29 15:34:44 GMT+08:00 2016	29-Oct-2016 15:34:42.610	103.32056	2.03070166667	0.0	3.1	96.1	243.71	0.747	-8.031	6.62	0.0824631	0.0	0.0824631005526	992.75	39.2156867981	9.41176509857	95.0	Straight Road
92	Sat Oct 29 15:34:45 GMT+08:00 2016	29-Oct-2016 15:34:43.618	103.32056	2.03070166667	0.0	3.1	96.1	243.71	0.815	-7.98	6.648	0.08100587	0.0	0.0810058712959	917.75	34.1176490784	9.41176509857	95.0	Straight Road
93	Sat Oct 29 15:34:46 GMT+08:00 2016	29-Oct-2016 15:34:44.612	103.32056	2.03070166667	0.0	1.2	96.1	243.71	0.805	-7.983	6.67	0.08259314	0.0	0.0825931429863	835.25	23.137254715	9.41176509857	95.0	Straight Road
94	Sat Oct 29 15:34:47 GMT+08:00 2016	29-Oct-2016 15:34:45.610	103.32056	2.03070166667	0.0	1.1	96.1	243.71	0.79	-7.992	6.687	0.08428651	0.0	0.0842865109444	770.0	22.3529415131	9.41176509857	95.0	Straight Road
95	Sat Oct 29 15:34:48 GMT+08:00 2016	29-Oct-2016 15:34:46.612	103.32056	2.03070166667	0.0	1.1	96.1	243.71	0.796	-7.987	6.712	0.08557612	0.0	0.0855761170387	755.5	22.745098114	9.41176509857	95.0	Straight Road
96	Sat Oct 29 15:34:49 GMT+08:00 2016	29-Oct-2016 15:34:47.610	103.32056	2.03070166667	0.0	1.1	96.1	243.71	0.836	-7.987	6.629	0.080488145	0.0	0.0804881453514	737.0	22.3529415131	9.41176509857	95.0	Straight Road
97	Sat Oct 29 15:34:50 GMT+08:00 2016	29-Oct-2016 15:34:48.611	103.32056	2.03070166667	0.0	1.1	96.1	243.71	0.786	-7.986	6.712	0.085421264	0.0	0.0854212641716	703.5	21.9607849121	9.41176509857	95.0	Straight Road
98	Sat Oct 29 15:34:51 GMT+08:00 2016	29-Oct-2016 15:34:49.611	103.32056	2.03070166667	0.0	1.1	96.1	243.71	0.767	-7.975	6.63	0.07907313	0.0	0.0790731310844	702.0	21.9607849121	9.41176509857	95.0	Straight Road
99	Sat Oct 29 15:34:52 GMT+08:00 2016	29-Oct-2016 15:34:50.610	103.32056	2.03070166667	0.0	1.4	96.1	243.71	0.307	-8.115	6.629	0.08340702	0.0	0.083407022059	698.75	22.3529415131	9.41176509857	95.0	Straight Road
100	Sat Oct 29 15:34:53 GMT+08:00 2016	29-Oct-2016 15:34:51.609	103.32056	2.03070166667	0.0	1.6	96.1	243.71	-0.267	-8.199	6.483	0.08483285	0.0	0.0848328471184	744.0	32.9411773682	12.5490198135	95.0	Straight Road
101	Sat Oct 29 15:34:54 GMT+08:00 2016	29-Oct-2016 15:34:52.609	103.32056	2.03070166667	0.0	1.8	96.1	243.71	0.079	-8.162	6.504	0.08289248	0.0	0.0828924775124	1220.75	28.627450943	10.9803924561	95.0	Straight Road
102	Sat Oct 29 15:34:55 GMT+08:00 2016	29-Oct-2016 15:34:53.611	103.32056	2.03070166667	0.0	1.9	96.1	243.71	-0.157	-8.261	6.424	0.085867465	0.0	0.0858674645424	1126.0	33.3333320618	12.9411764145	94.0	Straight Road
103	Sat Oct 29 15:34:56 GMT+08:00 2016	29-Oct-2016 15:34:54.611	103.32056	2.03070166667	0.0	2.1	96.1	243.71	0.629	-8.157	6.62	0.091793	0.0	0.0917930006981	1278.25	21.9607849121	9.41176509857	94.0	Straight Road
104	Sat Oct 29 15:34:57 GMT+08:00 2016	29-Oct-2016 15:34:55.610	103.320496667	2.03069	1.9713861	2.2	95.8	252.12	0.843	-8.001	6.51	0.07396835	7.09698963165	0.0739683508873	1227.25	17.254901886	9.41176509857	94.0	Intersection
105	Sat Oct 29 15:34:58 GMT+08:00 2016	29-Oct-2016 15:34:56.610	103.320475	2.03068333333	2.57567	2.3	95.9	251.66	0.984	-8.077	6.528	0.08237702	9.27241134644	0.0823770165443	1190.5	16.862745285	9.41176509857	94.0	Intersection
106	Sat Oct 29 15:34:59 GMT+08:00 2016	29-Oct-2016 15:34:57.610	103.320451667	2.03067333333	2.768176	2.4	96.1	248.09	1.705	-7.834	6.662	0.08159429	9.9654340744	0.0815942883492	1035.25	17.6470584869	9.41176509857	94.0	Intersection
107	Sat Oct 29 15:35:00 GMT+08:00 2016	29-Oct-2016 15:34:58.609	103.320426667	2.03066333333	2.7558227	2.5	96.2	244.02	1.27	-7.99	6.554	0.080356896	9.92096138	0.0803568959236	842.0	20.392156601	9.41176509857	94.0	Intersection
108	Sat Oct 29 15:35:01 GMT+08:00 2016	29-Oct-2016 15:34:59.609	103.320406667	2.03065833333	1.7691003	2.5	96.2	247.93	0.507	-8.197	6.533	0.08536667	6.36876106262	0.085366666317	840.0	23.9215698242	9.41176509857	95.0	Intersection
109	Sat Oct 29 15:35:02 GMT+08:00 2016	29-Oct-2016 15:35:00.610	103.320391667	2.03065333333	1.4036475	2.6	96.3	246.49	-0.715	-8.413	6.298	0.092751086	5.05313110352	0.0927510857582	1199.75	27.0588245392	13.7254905701	95.0	Intersection
110	Sat Oct 29 15:35:03 GMT+08:00 2016	29-Oct-2016 15:35:01.611	103.320378333	2.03064833333	1.3027619	2.6	96.4	246.0	0.589	-8.46	6.444	0.10472804	4.68994283676	0.104728043079	1484.25	25.882352829	9.41176509857	95.0	Intersection
111	Sat Oct 29 15:35:04 GMT+08:00 2016	29-Oct-2016 15:35:02.610	103.320361667	2.03064	1.9435911	2.7	96.4	246.63	0.247	-8.311	6.454	0.09194392	6.99692773819	0.0919439196587	1410.5	26.6666679382	11.764705658	95.0	Intersection
112	Sat Oct 29 15:35:05 GMT+08:00 2016	29-Oct-2016 15:35:03.609	103.320336667	2.03063166667	2.503609	2.7	96.5	247.45	-0.141	-7.531	7.138	0.076821506	9.01299190521	0.0768215060234	1539.75	37.254901886	11.764705658	95.0	Intersection
113	Sat Oct 29 15:35:06 GMT+08:00 2016	29-Oct-2016 15:35:04.610	103.320311667	2.03062166667	2.7939122	2.8	96.6	249.3	0.419	-7.3	7.965	0.15067323	10.0580835342	0.150673225522	1731.75	32.9411773682	10.9803924561	95.0	Intersection
114	Sat Oct 29 15:35:07 GMT+08:00 2016	29-Oct-2016 15:35:05.609	103.32028	2.03061666667	3.2350292	2.9	96.7	264.23	-0.272	-6.121	7.889	0.037230432	11.6461048126	0.0372304320335	1961.5	44.7058830261	14.117647171	95.0	Intersection
115	Sat Oct 29 15:35:08 GMT+08:00 2016	29-Oct-2016 15:35:06.611	103.320248333	2.030615	3.433712	2.9	96.8	282.07	0.284	-7.635	8.875	0.059331007	12.3613624573	0.0593310073018	2150.25	43.5294113159	14.9019613266	95.0	Intersection
116	Sat Oct 29 15:35:09 GMT+08:00 2016	29-Oct-2016 15:35:07.610	103.320216667	2.03062666667	3.7703402	2.9	96.9	294.67	-0.501	-8.004	7.525	0.14002961	13.5732240677	0.140029609203	1772.0	58.8235321045	18.8235301971	96.0	Intersection
117	Sat Oct 29 15:35:10 GMT+08:00 2016	29-Oct-2016 15:35:08.609	103.320183333	2.03064666667	4.213516	3.0	97.1	306.3	-0.47	-8.093	7.182	0.12302154	15.1686582565	0.123021543026	1916.0	63.9215698242	20.392156601	96.0	Intersection
118	Sat Oct 29 15:35:11 GMT+08:00 2016	29-Oct-2016 15:35:09.610	103.32015	2.03068333333	5.3495083	3.0	97.0	317.97	-0.159	-7.909	7.07	0.10050315	19.2582302094	0.100503146648	2165.25	66.2745132446	21.1764717102	96.0	Intersection
119	Sat Oct 29 15:35:12 GMT+08:00 2016	29-Oct-2016 15:35:10.610	103.32012	2.03073166667	6.2456393	3.1	97.1	326.65	0.374	-7.805	6.582	0.060455978	22.4843006134	0.0604559779167	2160.5	44.3137245178	16.0784320831	96.0	Intersection
120	Sat Oct 29 15:35:13 GMT+08:00 2016	29-Oct-2016 15:35:11.616	103.320091667	2.03079	7.1906695	3.2	97.1	331.92	0.282	-8.338	7.102	0.13584858	25.8864097595	0.135848581791	1734.5	49.0196075439	14.509803772	95.0	Intersection
121	Sat Oct 29 15:35:14 GMT+08:00 2016	29-Oct-2016 15:35:12.610	103.320058333	2.03085833333	8.107904	3.3	97.1	335.27	0.83	-8.062	7.163	0.12158352	29.1884555817	0.116994202137	1447.0	20.7843132019	9.41176509857	95.0	Straight Road
122	Sat Oct 29 15:35:15 GMT+08:00 2016	29-Oct-2016 15:35:13.613	103.32003	2.03093666667	9.143525	3.4	97.1	338.0	0.907	-8.359	6.662	0.11251992	32.9166908264	0.112519919872	1429.5	16.862745285	9.41176509857	95.0	Straight Road
123	Sat Oct 29 15:35:16 GMT+08:00 2016	29-Oct-2016 15:35:14.610	103.319998333	2.03102333333	9.68244	3.5	97.1	339.09	1.55	-7.828	6.511	0.068865836	34.8567810059	0.0688658356667	1405.25	16.862745285	9.41176509857	95.0	Straight Road
124	Sat Oct 29 15:35:17 GMT+08:00 2016	29-Oct-2016 15:35:15.610	103.31998	2.03111	9.528538	3.6	97.2	343.54	1.826	-8.021	6.754	0.10397929	34.302734375	0.0914915204048	1325.5	16.862745285	9.41176509857	95.0	Straight Road
125	Sat Oct 29 15:35:18 GMT+08:00 2016	29-Oct-2016 15:35:16.610	103.319961667	2.031195	9.3983135	3.7	97.2	346.03	1.627	-7.665	6.334	0.04608041	33.8339271545	0.0460804104805	1262.5	16.4705886841	9.41176509857	95.0	Straight Road
126	Sat Oct 29 15:35:19 GMT+08:00 2016	29-Oct-2016 15:35:17.611	103.319945	2.03127666667	9.154849	3.8	97.3	347.88	1.064	-7.76	6.737	0.072145045	32.9574546814	0.0721450448036	1142.75	17.6470584869	9.41176509857	95.0	Straight Road
127	Sat Oct 29 15:35:20 GMT+08:00 2016	29-Oct-2016 15:35:18.614	103.319921667	2.03134	8.7538805	3.8	97.0	348.92	0.927	-8.223	6.936	0.11965853	31.5139694214	0.119658529758	1116.25	18.4313735962	9.41176509857	95.0	Straight Road
128	Sat Oct 29 15:35:21 GMT+08:00 2016	29-Oct-2016 15:35:19.611	103.319903333	2.03141666667	8.161435	3.9	96.9	348.69	0.896	-8.156	6.818	0.10647148	29.3811664581	0.106471478939	1108.75	18.8235301971	9.41176509857	95.0	Straight Road
129	Sat Oct 29 15:35:22 GMT+08:00 2016	29-Oct-2016 15:35:20.610	103.319881667	2.03148166667	7.826351	3.9	96.7	348.51	0.888	-8.149	6.814	0.1055972	28.1748638153	0.105597198009	1093.0	18.8235301971	9.41176509857	95.0	Straight Road
130	Sat Oct 29 15:35:23 GMT+08:00 2016	29-Oct-2016 15:35:21.611	103.319861667	2.031545	7.5556073	3.8	96.4	349.41	0.448	-7.795	6.283	0.04060203	27.2001857758	0.0406020283699	1374.0	39.2156867981	10.9803924561	95.0	Straight Road
131	Sat Oct 29 15:35:24 GMT+08:00 2016	29-Oct-2016 15:35:22.612	103.31984	2.03160333333	7.72701	3.8	96.1	348.61	0.953	-7.975	6.32	0.060808122	27.8172340393	0.0608081221581	1166.0	20.0	9.41176509857	95.0	Straight Road
132	Sat Oct 29 15:35:25 GMT+08:00 2016	29-Oct-2016 15:35:23.610	103.319788333	2.03164	7.5854616	3.7	95.1	347.5	1.098	-8.108	6.655	0.094103634	27.3076610565	0.0941036343575	1107.0	18.8235301971	9.41176509857	95.0	Straight Road
133	Sat Oct 29 15:35:26 GMT+08:00 2016	29-Oct-2016 15:35:24.612	103.319756667	2.03169666667	7.704877	3.7	94.9	344.75	0.885	-7.987	6.404	0.066455066	27.7375564575	0.0664550662041	1090.0	18.8235301971	9.41176509857	95.0	Straight Road
134	Sat Oct 29 15:35:27 GMT+08:00 2016	29-Oct-2016 15:35:25.611	103.31973	2.03176666667	7.5056796	3.6	94.3	345.34	1.74	-8.063	6.697	0.10207242	27.0204467773	0.102072417736	1076.75	19.607843399	9.41176509857	95.0	Straight Road
135	Sat Oct 29 15:35:28 GMT+08:00 2016	29-Oct-2016 15:35:26.611	103.319706667	2.03183	7.261701	3.6	93.8	346.05	1.037	-8.6	7.108	0.16123372	26.142124176	0.161233723164	1006.5	20.392156601	9.41176509857	95.0	Straight Road
136	Sat Oct 29 15:35:29 GMT+08:00 2016	29-Oct-2016 15:35:27.621	103.319688333	2.03189	6.976545	3.6	93.3	347.33	1.045	-7.63	6.313	0.034092367	25.1155605316	0.0340923666954	1002.0	20.392156601	9.41176509857	95.0	Straight Road
137	Sat Oct 29 15:35:30 GMT+08:00 2016	29-Oct-2016 15:35:28.611	103.319675	2.031955	6.834996	3.6	92.4	348.83	0.863	-7.986	6.666	0.083039105	24.6059856415	0.0830391049385	1002.75	20.0	9.41176509857	95.0	Straight Road
138	Sat Oct 29 15:35:31 GMT+08:00 2016	29-Oct-2016 15:35:29.610	103.319653333	2.03201333333	6.7294784	3.5	91.7	346.85	0.542	-7.965	6.658	0.07867187	24.2261219025	0.0786718726158	1207.5	40.0	11.764705658	95.0	Straight Road
139	Sat Oct 29 15:35:32 GMT+08:00 2016	29-Oct-2016 15:35:30.614	103.319636667	2.03207	6.585356	3.5	91.3	349.47	0.735	-7.892	6.723	0.07846922	23.7072811127	0.0784692168236	1197.25	34.509803772	9.41176509857	95.0	Straight Road
140	Sat Oct 29 15:35:33 GMT+08:00 2016	29-Oct-2016 15:35:31.611	103.31962	2.03212666667	6.5894737	3.5	91.0	348.78	0.773	-7.746	6.686	0.06503564	23.7221050262	0.0650356411934	1091.75	32.9411773682	9.41176509857	95.0	Straight Road
141	Sat Oct 29 15:35:34 GMT+08:00 2016	29-Oct-2016 15:35:32.611	103.319601667	2.032185	6.8185253	3.5	90.4	348.58	1.116	-7.958	6.635	0.08128923	24.5466899872	0.0812892317772	1072.75	33.3333320618	9.41176509857	95.0	Straight Road
142	Sat Oct 29 15:35:35 GMT+08:00 2016	29-Oct-2016 15:35:33.610	103.319586667	2.03224166667	6.5678554	3.5	89.9	348.76	2.042	-7.861	6.695	0.09194523	23.64427948	0.0919452309608	1058.0	32.9411773682	9.41176509857	95.0	Corner
143	Sat Oct 29 15:35:36 GMT+08:00 2016	29-Oct-2016 15:35:34.610	103.31957	2.03229833333	6.379467	3.5	89.8	347.22	1.389	-7.018	8.074	0.118647754	22.9660797119	0.118647754192	948.25	24.7058830261	9.41176509857	95.0	Corner
144	Sat Oct 29 15:35:37 GMT+08:00 2016	29-Oct-2016 15:35:35.609	103.319558333	2.03235	5.7690067	3.6	89.6	349.07	0.702	-6.175	8.683	0.1074726	20.7684230804	0.107472598553	857.0	23.9215698242	9.41176509857	95.0	Corner
145	Sat Oct 29 15:35:38 GMT+08:00 2016	29-Oct-2016 15:35:36.610	103.319558333	2.03239666667	5.04016	3.6	88.3	356.92	0.6	-6.737	9.191	0.18224865	18.1445770264	0.182248651981	861.5	23.9215698242	9.41176509857	95.0	Corner
146	Sat Oct 29 15:35:39 GMT+08:00 2016	29-Oct-2016 15:35:37.610	103.319593333	2.03244	4.4775686	3.5	86.0	24.17	-0.424	-8.267	7.639	0.16721469	16.1192474365	0.167214691639	1683.75	59.2156867981	17.254901886	95.0	Corner
147	Sat Oct 29 15:35:40 GMT+08:00 2016	29-Oct-2016 15:35:38.610	103.319621667	2.03247333333	4.4775686	3.6	85.2	37.28	-0.372	-7.701	6.857	0.07078928	16.1192474365	0.0707892775536	1919.75	66.2745132446	20.7843132019	95.0	Corner
148	Sat Oct 29 15:35:41 GMT+08:00 2016	29-Oct-2016 15:35:39.610	103.319646667	2.032505	4.489922	3.7	84.8	38.57	0.228	-7.865	6.128	0.03562516	16.1637191772	0.0356251597404	1952.25	62.745098114	18.8235301971	94.0	Corner
149	Sat Oct 29 15:35:42 GMT+08:00 2016	29-Oct-2016 15:35:40.610	103.319675	2.03253666667	4.6443386	3.7	84.4	41.67	0.341	-8.262	7.108	0.13053459	16.7196178436	0.130534589291	1442.25	21.9607849121	9.41176509857	94.0	Corner
150	Sat Oct 29 15:35:43 GMT+08:00 2016	29-Oct-2016 15:35:41.609	103.319716667	2.03256333333	4.884714	3.8	83.8	53.09	2.059	-7.876	6.752	0.097124875	17.5849704742	0.0971248745918	1587.75	16.862745285	9.41176509857	93.0	Corner
151	Sat Oct 29 15:35:44 GMT+08:00 2016	29-Oct-2016 15:35:42.610	103.319758333	2.03258666667	5.0859704	3.9	83.3	59.82	3.212	-7.545	6.905	0.11178428	18.3094921112	0.111784279346	1288.25	16.0784320831	9.41176509857	93.0	Corner
152	Sat Oct 29 15:35:45 GMT+08:00 2016	29-Oct-2016 15:35:43.610	103.319801667	2.03260833333	5.0890584	4.0	82.8	62.97	2.958	-7.643	7.02	0.11899966	18.3206100464	0.118999660015	952.5	21.1764717102	9.41176509857	93.0	Intersection
153	Sat Oct 29 15:35:46 GMT+08:00 2016	29-Oct-2016 15:35:44.610	103.319845	2.03262333333	4.9099355	4.0	82.4	69.28	2.172	-7.607	6.95	0.09242171	17.6757678986	0.0924217104912	928.0	20.7843132019	9.41176509857	93.0	Intersection
154	Sat Oct 29 15:35:47 GMT+08:00 2016	29-Oct-2016 15:35:45.610	103.319878333	2.032635	4.244914	4.1	81.9	72.2	1.415	-7.855	6.769	0.085799634	15.2816905975	0.0857996344566	792.75	23.137254715	9.41176509857	93.0	Intersection
155	Sat Oct 29 15:35:48 GMT+08:00 2016	29-Oct-2016 15:35:46.610	103.31989	2.03264333333	2.92774	4.1	81.3	77.75	1.317	-7.912	6.664	0.08199662	10.5398645401	0.0819966197014	773.5	24.3137264252	9.41176509857	94.0	Intersection
156	Sat Oct 29 15:35:49 GMT+08:00 2016	29-Oct-2016 15:35:47.610	103.319895	2.032655	1.8952072	4.0	80.4	74.97	0.292	-8.05	6.657	0.08424395	6.82274580002	0.084243953228	762.25	23.5294113159	9.41176509857	94.0	Intersection
157	Sat Oct 29 15:35:50 GMT+08:00 2016	29-Oct-2016 15:35:48.609	103.31991	2.032665	1.57505	3.9	79.8	57.67	0.331	-7.92	6.71	0.07767171	5.6701798439	0.0818282812834	746.75	23.137254715	9.41176509857	94.0	Intersection
158	Sat Oct 29 15:35:51 GMT+08:00 2016	29-Oct-2016 15:35:49.610	103.319928333	2.032675	1.5817413	3.8	78.8	44.23	1.195	-8.32	6.893	0.12708563	5.69426870346	0.127085626125	750.75	23.5294113159	9.41176509857	94.0	Intersection
159	Sat Oct 29 15:35:52 GMT+08:00 2016	29-Oct-2016 15:35:50.610	103.319945	2.032675	1.3732789	3.8	77.7	44.23	-1.229	-8.066	6.853	0.10516232	4.94380378723	0.105162322521	1285.75	37.6470603943	15.2941179276	95.0	Intersection
160	Sat Oct 29 15:35:53 GMT+08:00 2016	29-Oct-2016 15:35:51.610	103.319955	2.03267	1.0119439	3.7	77.0	44.23	-0.699	-6.835	7.847	0.082182825	3.64299798012	0.0875374674797	1587.0	47.4509811401	14.509803772	95.0	Intersection
161	Sat Oct 29 15:35:54 GMT+08:00 2016	29-Oct-2016 15:35:52.610	103.319976667	2.03266333333	1.8133664	3.6	76.1	110.8	-0.369	-7.124	7.928	0.10614878	6.52811908722	0.106148779392	1561.75	32.1568641663	14.117647171	95.0	Intersection
162	Sat Oct 29 15:35:55 GMT+08:00 2016	29-Oct-2016 15:35:53.610	103.319993333	2.03265333333	2.3723547	3.6	75.6	129.99	-0.631	-7.871	6.858	0.08511931	8.54047679901	0.0851193070412	2173.75	49.0196075439	16.862745285	95.0	Intersection
163	Sat Oct 29 15:35:56 GMT+08:00 2016	29-Oct-2016 15:35:54.615	103.320013333	2.03263166667	3.5932758	3.5	75.2	142.49	0.114	-8.204	6.841	0.10794979	12.935792923	0.107949793339	2228.75	27.0588245392	12.9411764145	95.0	Intersection
164	Sat Oct 29 15:35:57 GMT+08:00 2016	29-Oct-2016 15:35:55.613	103.320038333	2.03259	4.8450804	3.5	74.6	157.96	0.078	-7.978	6.485	0.08775218	17.4422893524	0.0937747359276	1552.0	41.5686264038	12.9411764145	95.0	Intersection
165	Sat Oct 29 15:35:58 GMT+08:00 2016	29-Oct-2016 15:35:56.610	103.320056667	2.03254166667	5.5940013	3.4	74.3	162.81	-0.001	-8.43	6.642	0.113010585	20.1384048462	0.113010585308	1705.5	56.8627471924	16.4705886841	95.0	Intersection
166	Sat Oct 29 15:35:59 GMT+08:00 2016	29-Oct-2016 15:35:57.610	103.320071667	2.032485	6.2899055	3.4	74.2	166.74	-0.04	-8.186	6.674	0.09564978	22.6436595917	0.0956497788429	1964.25	60.0	17.6470584869	96.0	Intersection
167	Sat Oct 29 15:36:00 GMT+08:00 2016	29-Oct-2016 15:35:58.610	103.320083333	2.032425	6.8365407	3.5	74.0	168.02	0.026	-7.973	6.52	0.0688985	24.6115455627	0.0864887833595	2045.5	58.4313735962	18.8235301971	96.0	Intersection
168	Sat Oct 29 15:36:01 GMT+08:00 2016	29-Oct-2016 15:35:59.610	103.3201	2.03236	7.3224382	3.5	73.6	166.55	-0.262	-7.989	6.854	0.09234208	26.3607769012	0.0923420786858	2210.0	60.7843132019	19.607843399	96.0	Straight Road
169	Sat Oct 29 15:36:02 GMT+08:00 2016	29-Oct-2016 15:36:00.609	103.320123333	2.03229166667	7.9467964	3.5	73.3	163.23	0.374	-7.802	6.659	0.065297425	28.6084671021	0.0652974247932	2384.25	52.5490188599	18.4313735962	96.0	Straight Road
170	Sat Oct 29 15:36:03 GMT+08:00 2016	29-Oct-2016 15:36:01.609	103.320153333	2.03221666667	8.952049	3.5	73.1	161.06	0.297	-8.131	6.785	0.09894127	32.2273750305	0.0989412665367	1842.75	58.0392150879	16.862745285	96.0	Straight Road
171	Sat Oct 29 15:36:04 GMT+08:00 2016	29-Oct-2016 15:36:02.613	103.320188333	2.03213166667	10.03554	3.5	72.6	162.86	0.17	-7.969	7.103	0.107322514	36.1279411316	0.107322514057	1933.75	52.5490188599	16.0784320831	95.0	Straight Road
172	Sat Oct 29 15:36:05 GMT+08:00 2016	29-Oct-2016 15:36:03.610	103.320221667	2.03204	10.825638	3.5	72.4	163.05	0.442	-7.873	6.773	0.07861823	38.9722938538	0.0786182284355	1881.5	43.9215698242	14.9019613266	95.0	Straight Road
173	Sat Oct 29 15:36:06 GMT+08:00 2016	29-Oct-2016 15:36:04.610	103.320256667	2.03194166667	11.563234	3.5	72.1	163.88	0.958	-8.328	6.834	0.121506155	41.6276435852	0.121506154537	1724.5	24.7058830261	9.41176509857	95.0	Straight Road
174	Sat Oct 29 15:36:07 GMT+08:00 2016	29-Oct-2016 15:36:05.611	103.320293333	2.03183833333	11.929717	3.5	71.7	162.53	0.717	-7.662	6.567	0.10586694	42.9469795227	0.105866938829	1210.75	19.2156867981	9.41176509857	95.0	Straight Road
175	Sat Oct 29 15:36:08 GMT+08:00 2016	29-Oct-2016 15:36:06.611	103.320331667	2.03173666667	11.964203	3.5	71.5	161.24	1.171	-7.457	6.93	0.063556135	43.0711288452	0.0635561347008	1193.75	17.6470584869	9.41176509857	94.0	Straight Road
176	Sat Oct 29 15:36:09 GMT+08:00 2016	29-Oct-2016 15:36:07.611	103.320376667	2.03163833333	11.611619	3.4	71.2	161.9	1.216	-7.645	7.366	0.108258665	41.8018264771	0.108258664608	1117.75	18.0392150879	9.41176509857	94.0	Straight Road
177	Sat Oct 29 15:36:10 GMT+08:00 2016	29-Oct-2016 15:36:08.610	103.320418333	2.03154333333	11.271902	3.4	71.1	160.43	1.047	-7.601	6.605	0.051018417	40.5788459778	0.0510184168816	1101.75	18.8235301971	9.41176509857	94.0	Straight Road
178	Sat Oct 29 15:36:11 GMT+08:00 2016	29-Oct-2016 15:36:09.610	103.320455	2.03144666667	10.962554	3.4	70.9	160.79	1.255	-7.703	6.659	0.064801514	39.4651947021	0.0648015141487	1068.5	19.607843399	9.41176509857	94.0	Straight Road
179	Sat Oct 29 15:36:12 GMT+08:00 2016	29-Oct-2016 15:36:10.610	103.320488333	2.03135333333	10.592468	3.4	70.4	160.9	1.158	-7.547	6.984	0.07380909	38.1328849792	0.0738090872765	1041.25	19.607843399	9.41176509857	94.0	Straight Road
180	Sat Oct 29 15:36:13 GMT+08:00 2016	29-Oct-2016 15:36:11.609	103.320526667	2.031265	10.226501	3.4	70.0	160.21	2.022	-7.242	7.238	0.08287877	36.8154029846	0.0828787684441	980.0	20.392156601	9.41176509857	94.0	Straight Road
181	Sat Oct 29 15:36:14 GMT+08:00 2016	29-Oct-2016 15:36:12.610	103.320561667	2.03118	9.824503	3.5	69.8	159.28	2.581	-7.153	7.101	0.07958931	35.3682098389	0.131288468838	912.5	22.3529415131	9.41176509857	93.0	Traffic Light Intersection
182	Sat Oct 29 15:36:15 GMT+08:00 2016	29-Oct-2016 15:36:13.611	103.320591667	2.03110333333	8.639612	3.5	69.5	160.5	2.062	-8.324	6.587	0.12128228	31.1026039124	0.121282279491	869.5	23.9215698242	9.41176509857	93.0	Traffic Light Intersection
183	Sat Oct 29 15:36:16 GMT+08:00 2016	29-Oct-2016 15:36:14.613	103.320615	2.031035	7.7481136	3.5	69.4	163.0	2.381	-8.961	5.318	0.10857898	27.89320755	0.108578979969	906.25	23.137254715	9.41176509857	93.0	Traffic Light Intersection
184	Sat Oct 29 15:36:17 GMT+08:00 2016	29-Oct-2016 15:36:15.610	103.320648333	2.03098333333	5.8065815	3.5	68.8	156.96	1.534	-8.627	5.056	0.05023271	20.9036922455	0.0502327084541	892.5	23.137254715	9.41176509857	93.0	Traffic Light Intersection
185	Sat Oct 29 15:36:18 GMT+08:00 2016	29-Oct-2016 15:36:16.609	103.320696667	2.03094833333	4.713826	3.5	67.5	143.87	0.193	-8.721	5.912	0.09841676	16.9697742462	0.0984167605639	1577.25	47.8431396484	15.2941179276	93.0	Traffic Light Intersection
186	Sat Oct 29 15:36:19 GMT+08:00 2016	29-Oct-2016 15:36:17.618	103.320743333	2.03092	4.3149166	3.4	66.4	130.75	-0.212	-8.714	5.546	0.072145045	15.5336990356	0.0721450448036	1679.75	66.2745132446	16.862745285	93.0	Traffic Light Intersection
187	Sat Oct 29 15:36:20 GMT+08:00 2016	29-Oct-2016 15:36:18.620	103.320791667	2.03089833333	4.4255815	3.4	64.7	114.54	-0.657	-8.891	6.414	0.13854688	15.9320926666	0.13854688406	1979.25	69.8039245605	22.3529415131	93.0	Traffic Light Intersection
188	Sat Oct 29 15:36:21 GMT+08:00 2016	29-Oct-2016 15:36:19.610	103.32084	2.030885	4.552203	3.4	63.5	101.89	-0.943	-7.968	6.386	0.06433326	16.3879318237	0.0643332600594	2203.25	72.5490188599	26.2745094299	92.0	Traffic Light Intersection
189	Sat Oct 29 15:36:22 GMT+08:00 2016	29-Oct-2016 15:36:20.613	103.320888333	2.030885	5.2563434	3.4	62.7	87.69	-0.808	-8.149	6.482	0.083619416	18.9228363037	0.08361941576	2304.25	74.9019622803	27.8431377411	92.0	Traffic Light Intersection
190	Sat Oct 29 15:36:23 GMT+08:00 2016	29-Oct-2016 15:36:21.611	103.320948333	2.03089666667	6.585356	3.4	61.4	78.07	-0.56	-7.85	6.595	0.08469727	23.7072811127	0.0846972689033	2504.5	74.9019622803	28.235294342	92.0	Traffic Light Intersection
191	Sat Oct 29 15:36:24 GMT+08:00 2016	29-Oct-2016 15:36:22.611	103.321018333	2.03092166667	7.9483404	3.5	60.9	73.42	-0.314	-8.025	6.903	0.09852284	28.614025116	0.0985228419304	2722.25	71.7647094727	24.7058830261	92.0	Straight Road
192	Sat Oct 29 15:36:25 GMT+08:00 2016	29-Oct-2016 15:36:23.625	103.321103333	2.03094833333	9.2433815	3.4	60.5	71.92	-0.234	-6.99	5.934	-0.046026707	33.2761726379	0.0605944991112	2350.0	52.5490188599	19.607843399	92.0	Straight Road
193	Sat Oct 29 15:36:26 GMT+08:00 2016	29-Oct-2016 15:36:24.613	103.321201667	2.03098333333	10.7139435	3.4	60.0	71.86	-0.04	-7.764	6.315	0.039185822	38.5701942444	0.03918582201	2180.5	60.7843132019	20.7843132019	93.0	Straight Road
194	Sat Oct 29 15:36:27 GMT+08:00 2016	29-Oct-2016 15:36:25.610	103.321308333	2.03102333333	11.897289	3.4	59.6	73.34	0.184	-7.933	6.55	0.06785411	42.830242157	0.0678541064262	2250.75	70.9803924561	23.9215698242	93.0	Straight Road
195	Sat Oct 29 15:36:28 GMT+08:00 2016	29-Oct-2016 15:36:26.613	103.321423333	2.03106333333	12.92416	3.4	58.7	70.52	0.159	-8.193	6.969	0.10310819	46.5269737244	0.111587941647	2336.75	69.0196075439	23.137254715	93.0	Straight Road
196	Sat Oct 29 15:36:29 GMT+08:00 2016	29-Oct-2016 15:36:27.613	103.321548333	2.03111333333	13.8311	3.4	58.1	69.18	0.062	-7.955	6.654	0.07620591	49.7919616699	0.0762059092522	2404.75	70.1960830688	23.9215698242	93.0	Straight Road
197	Sat Oct 29 15:36:30 GMT+08:00 2016	29-Oct-2016 15:36:28.610	103.321681667	2.03116833333	14.618111	3.3	57.4	68.71	0.06	-8.244	7.404	0.09895875	52.6251983643	0.0989587530494	2496.25	71.3725509644	24.3137264252	93.0	Straight Road
198	Sat Oct 29 15:36:31 GMT+08:00 2016	29-Oct-2016 15:36:29.610	103.32182	2.031225	15.391224	3.3	56.7	68.64	-0.002	-7.46	7.619	0.105957806	55.408405304	0.10595780611	2595.5	67.0588226318	22.745098114	93.0	Straight Road
199	Sat Oct 29 15:36:32 GMT+08:00 2016	29-Oct-2016 15:36:30.614	103.321961667	2.03128166667	16.118011	3.2	56.1	69.54	0.061	-7.36	6.84	0.098336175	58.0248413086	0.0983361750841	2184.0	69.0196075439	23.137254715	93.0	Straight Road
200	Sat Oct 29 15:36:33 GMT+08:00 2016	29-Oct-2016 15:36:31.616	103.322111667	2.03133333333	16.70222	3.2	55.0	71.39	0.396	-8.318	6.561	0.09968704	60.1279945374	0.0996870398521	2226.0	71.3725509644	24.3137264252	93.0	Straight Road
201	Sat Oct 29 15:36:34 GMT+08:00 2016	29-Oct-2016 15:36:32.611	103.322266667	2.03138333333	17.295696	3.2	54.7	73.06	0.253	-8.788	7.393	0.18994015	62.264503479	0.189940154552	2234.75	68.6274490356	22.745098114	92.0	Straight Road
202	Sat Oct 29 15:36:35 GMT+08:00 2016	29-Oct-2016 15:36:33.613	103.322421667	2.03143333333	17.912848	3.1	53.7	72.95	0.548	-7.606	6.692	0.10755982	64.4862518311	0.1075598225	2145.0	67.8431396484	22.3529415131	92.0	Straight Road
203	Sat Oct 29 15:36:36 GMT+08:00 2016	29-Oct-2016 15:36:34.611	103.322583333	2.031485	18.199549	3.1	53.5	72.1	1.25	-7.638	7.165	0.09079404	65.518371582	0.0907940417528	1817.5	19.2156867981	9.41176509857	91.0	Straight Road
204	Sat Oct 29 15:36:37 GMT+08:00 2016	29-Oct-2016 15:36:35.610	103.322745	2.03154	18.288595	3.1	53.4	71.59	1.398	-7.506	7.711	0.12516195	65.8389434814	0.12516194582	1358.25	18.4313735962	9.41176509857	91.0	Straight Road
205	Sat Oct 29 15:36:38 GMT+08:00 2016	29-Oct-2016 15:36:36.616	103.322905	2.03159333333	18.172268	3.1	53.2	70.88	1.176	-7.343	6.885	0.07082231	65.4201660156	0.0708223134279	1207.75	18.0392150879	9.41176509857	91.0	Straight Road
206	Sat Oct 29 15:36:39 GMT+08:00 2016	29-Oct-2016 15:36:37.612	103.323063333	2.03164666667	18.166092	3.1	53.1	72.02	1.058	-7.284	6.056	-0.009380519	65.3979263306	-0.00938051939011	1160.5	18.4313735962	9.41176509857	91.0	Straight Road
207	Sat Oct 29 15:36:40 GMT+08:00 2016	29-Oct-2016 15:36:38.611	103.323218333	2.03169833333	18.331318	3.1	53.1	72.46	0.937	-7.533	6.936	0.06717676	65.9927444458	0.067176759243	1629.25	17.6470584869	9.41176509857	91.0	Straight Road
208	Sat Oct 29 15:36:41 GMT+08:00 2016	29-Oct-2016 15:36:39.611	103.323375	2.03174666667	16.973995	3.1	52.4	71.43	0.934	-8.178	6.922	0.1153118	61.1063804626	0.115311801434	1603.5	17.254901886	9.41176509857	91.0	Straight Road
209	Sat Oct 29 15:36:42 GMT+08:00 2016	29-Oct-2016 15:36:40.614	103.323523333	2.03179666667	16.45464	3.1	51.5	70.31	0.714	-7.741	6.305	0.10556472	59.2367019653	0.105564720929	1877.25	47.8431396484	15.2941179276	91.0	Straight Road
210	Sat Oct 29 15:36:43 GMT+08:00 2016	29-Oct-2016 15:36:41.612	103.323666667	2.031845	16.24772	3.1	50.4	70.26	0.917	-7.923	7.549	0.1384601	58.4917945862	0.138460099697	1810.75	30.9803924561	9.41176509857	91.0	Straight Road
211	Sat Oct 29 15:36:44 GMT+08:00 2016	29-Oct-2016 15:36:42.614	103.323808333	2.031895	16.412434	3.1	49.7	71.13	1.07	-7.536	6.641	0.04870826	59.0847587585	0.0487082600594	1547.5	14.9019613266	9.41176509857	91.0	Straight Road
212	Sat Oct 29 15:36:45 GMT+08:00 2016	29-Oct-2016 15:36:43.615	103.323951667	2.03194333333	15.975948	3.1	48.6	70.42	0.865	-7.64	6.878	0.07060391	57.5134124756	0.0706039071083	1727.5	14.9019613266	13.3333339691	90.0	Straight Road
213	Sat Oct 29 15:36:46 GMT+08:00 2016	29-Oct-2016 15:36:44.611	103.32409	2.03199	15.897196	3.0	47.8	70.62	0.662	-8.482	6.225	0.093614995	57.2299041748	0.0517548918724	1780.25	41.1764717102	14.117647171	90.0	Straight Road
214	Sat Oct 29 15:36:47 GMT+08:00 2016	29-Oct-2016 15:36:45.610	103.324226667	2.03204	15.928594	3.0	46.7	69.68	0.694	-9.181	7.039	0.2004115	57.3429374695	0.200411498547	1968.25	50.1960792542	17.254901886	90.0	Straight Road
215	Sat Oct 29 15:36:48 GMT+08:00 2016	29-Oct-2016 15:36:46.615	103.324363333	2.03209166667	15.943521	3.0	45.5	67.7	0.495	-8.021	5.973	0.039683044	57.3966712952	0.0396830439568	2018.25	54.9019622803	18.4313735962	90.0	Straight Road
216	Sat Oct 29 15:36:49 GMT+08:00 2016	29-Oct-2016 15:36:47.610	103.3245	2.03215	15.877636	3.0	44.6	64.61	0.694	-8.536	5.936	0.081204	57.159488678	0.105683490634	2094.5	61.5686302185	20.392156601	89.0	Straight Road
217	Sat Oct 29 15:36:50 GMT+08:00 2016	29-Oct-2016 15:36:48.610	103.324636667	2.03221833333	15.879181	3.0	43.5	61.32	0.421	-8.471	6.187	0.08916181	57.1650505066	0.0891618132591	2197.25	72.9411773682	24.7058830261	89.0	Straight Road
218	Sat Oct 29 15:36:51 GMT+08:00 2016	29-Oct-2016 15:36:49.610	103.324768333	2.032295	17.006422	3.0	43.2	60.09	0.371	-8.184	6.187	0.06550151	61.2231178284	0.065501511097	2256.5	72.9411773682	25.490196228	89.0	Straight Road
219	Sat Oct 29 15:36:52 GMT+08:00 2016	29-Oct-2016 15:36:50.610	103.324898333	2.03238	17.01054	3.0	42.7	54.49	0.636	-8.244	6.321	0.07994157	61.2379417419	0.0799415707588	2248.75	72.5490188599	21.5686283112	88.0	Straight Road
220	Sat Oct 29 15:36:53 GMT+08:00 2016	29-Oct-2016 15:36:51.609	103.325026667	2.032475	16.944141	3.0	41.8	52.07	1.035	-7.869	6.62	0.07253927	60.9989089966	0.0725392699242	1911.5	49.8039207458	9.41176509857	88.0	Straight Road
221	Sat Oct 29 15:36:54 GMT+08:00 2016	29-Oct-2016 15:36:52.610	103.325155	2.03257666667	17.196869	3.0	41.6	51.84	1.261	-7.729	7.21	0.10409635	61.9087257385	0.104096353054	1685.5	19.2156867981	9.41176509857	88.0	Straight Road
222	Sat Oct 29 15:36:55 GMT+08:00 2016	29-Oct-2016 15:36:53.610	103.325283333	2.03267833333	18.071898	3.0	41.1	52.35	1.024	-7.943	7.707	0.15200204	65.0588302612	0.152002036572	1572.75	18.0392150879	9.41176509857	88.0	Straight Road
223	Sat Oct 29 15:36:56 GMT+08:00 2016	29-Oct-2016 15:36:54.610	103.325415	2.03277833333	17.888657	2.9	41.0	54.32	0.736	-6.509	7.558	0.03853172	64.3991622925	0.0385317206383	1498.0	20.392156601	9.41176509857	88.0	Straight Road
224	Sat Oct 29 15:36:57 GMT+08:00 2016	29-Oct-2016 15:36:55.610	103.32555	2.03287166667	17.428493	2.9	40.5	57.8	0.784	-7.008	7.457	0.0651992	62.7425765991	0.0651991963387	1488.25	21.1764717102	9.41176509857	88.0	Straight Road
225	Sat Oct 29 15:36:58 GMT+08:00 2016	29-Oct-2016 15:36:56.610	103.325685	2.03295166667	17.781078	2.9	41.1	62.34	0.781	-6.317	7.403	0.01422298	64.0118789673	0.0142229795456	1507.25	21.5686283112	9.41176509857	88.0	Straight Road
226	Sat Oct 29 15:36:59 GMT+08:00 2016	29-Oct-2016 15:36:57.610	103.325823333	2.03301833333	16.708912	2.9	41.4	66.51	0.954	-7.798	7.291	0.11156839	60.1520805359	0.111568391323	1516.0	17.6470584869	9.41176509857	88.0	Straight Road
227	Sat Oct 29 15:37:00 GMT+08:00 2016	29-Oct-2016 15:36:58.611	103.325965	2.03308333333	16.519495	2.8	42.3	71.85	1.385	-7.438	6.872	0.06088406	59.4701805115	0.101916730404	1499.0	17.6470584869	9.41176509857	88.0	Straight Road
228	Sat Oct 29 15:37:01 GMT+08:00 2016	29-Oct-2016 15:36:59.616	103.326105	2.03312833333	15.876092	2.8	43.4	75.63	2.276	-7.323	6.825	0.08474932	57.1539306641	0.0847493186593	1408.25	16.862745285	9.41176509857	88.0	Straight Road
229	Sat Oct 29 15:37:02 GMT+08:00 2016	29-Oct-2016 15:37:00.612	103.32624	2.03316333333	15.167319	2.8	44.3	76.98	2.343	-7.589	6.829	0.08674997	54.6023483276	0.0867499709129	1277.5	16.862745285	9.41176509857	87.0	Straight Road
230	Sat Oct 29 15:37:03 GMT+08:00 2016	29-Oct-2016 15:37:01.610	103.326366667	2.03319333333	14.549653	2.8	44.9	78.18	1.482	-7.51	6.866	0.067207634	52.3787498474	0.067207634449	1131.25	17.6470584869	9.41176509857	87.0	Straight Road
231	Sat Oct 29 15:37:04 GMT+08:00 2016	29-Oct-2016 15:37:02.618	103.326488333	2.03322	13.378145	2.8	45.4	76.33	2.338	-7.657	6.97	0.101052225	48.1613197327	0.101052224636	1050.75	19.607843399	9.41176509857	86.0	Straight Road
232	Sat Oct 29 15:37:05 GMT+08:00 2016	29-Oct-2016 15:37:03.610	103.326598333	2.033245	12.382672	2.8	46.1	76.74	2.813	-7.36	7.02	0.09854425	44.5776176453	0.0985442474484	941.0	21.1764717102	9.41176509857	86.0	Straight Road
233	Sat Oct 29 15:37:06 GMT+08:00 2016	29-Oct-2016 15:37:04.610	103.326691667	2.03326666667	10.651662	2.9	46.6	76.81	2.836	-7.143	6.785	0.06404644	38.3459815979	0.0640464425087	851.75	24.3137264252	9.41176509857	86.0	Straight Road
234	Sat Oct 29 15:37:07 GMT+08:00 2016	29-Oct-2016 15:37:05.609	103.326758333	2.03328	8.407988	2.9	47.0	76.25	1.996	-7.739	7.013	0.102882445	30.2687549591	0.102882444859	901.5	23.9215698242	9.41176509857	86.0	Straight Road
235	Sat Oct 29 15:37:08 GMT+08:00 2016	29-Oct-2016 15:37:06.617	103.326818333	2.03329333333	6.933308	3.0	47.4	74.29	1.819	-7.713	6.588	0.07425691	24.9599094391	0.0799624323845	1027.25	23.9215698242	9.41176509857	86.0	Roundabout
236	Sat Oct 29 15:37:09 GMT+08:00 2016	29-Oct-2016 15:37:07.610	103.326866667	2.033305	5.7226815	3.0	47.4	72.79	1.255	-7.728	6.995	0.08657546	20.6016521454	0.0865754634142	1064.0	20.392156601	9.41176509857	86.0	Roundabout
237	Sat Oct 29 15:37:10 GMT+08:00 2016	29-Oct-2016 15:37:08.611	103.326905	2.033315	4.895523	3.0	47.2	73.89	2.124	-7.461	7.105	0.09153183	17.6238822937	0.0915554091334	1054.0	20.0	9.41176509857	86.0	Roundabout
238	Sat Oct 29 15:37:11 GMT+08:00 2016	29-Oct-2016 15:37:09.610	103.326935	2.03332166667	4.078659	3.0	47.7	74.33	1.877	-7.497	7.191	0.09509057	14.683172226	0.0950905680656	782.75	21.9607849121	9.41176509857	86.0	Roundabout
239	Sat Oct 29 15:37:12 GMT+08:00 2016	29-Oct-2016 15:37:10.610	103.326956667	2.03332833333	2.7707498	2.9	48.1	70.26	1.128	-7.628	7.064	0.085001886	9.97469902039	0.085001885891	803.0	24.7058830261	9.41176509857	86.0	Roundabout
240	Sat Oct 29 15:37:13 GMT+08:00 2016	29-Oct-2016 15:37:11.610	103.326968333	2.03333333333	1.7866008	3.0	48.7	69.83	0.787	-7.721	6.943	0.08092736	6.43176269531	0.0809597223997	789.0	23.5294113159	9.41176509857	86.0	Roundabout
241	Sat Oct 29 15:37:14 GMT+08:00 2016	29-Oct-2016 15:37:12.611	103.326973333	2.033335	0.0	3.0	49.2	69.83	0.706	-7.707	6.974	0.08150023	0.0	0.0815002322197	761.5	23.137254715	9.41176509857	86.0	Roundabout
242	Sat Oct 29 15:37:15 GMT+08:00 2016	29-Oct-2016 15:37:13.610	103.326973333	2.03333333333	0.0	2.9	49.9	69.83	0.328	-7.807	6.921	0.08304185	0.0	0.0803976655006	760.25	23.137254715	9.41176509857	86.0	Roundabout
243	Sat Oct 29 15:37:16 GMT+08:00 2016	29-Oct-2016 15:37:14.610	103.326966667	2.03333333333	0.0	2.9	49.4	69.83	0.236	-7.772	6.9	0.07869989	0.0	0.0786998867989	756.25	23.9215698242	10.1960783005	86.0	Roundabout
244	Sat Oct 29 15:37:17 GMT+08:00 2016	29-Oct-2016 15:37:15.610	103.326966667	2.03333333333	0.0	2.9	49.4	69.83	0.653	-7.796	6.957	0.08619529	0.0	0.0861952900887	736.75	23.9215698242	9.41176509857	87.0	Roundabout
245	Sat Oct 29 15:37:18 GMT+08:00 2016	29-Oct-2016 15:37:16.612	103.326966667	2.03333333333	0.0	2.9	49.4	69.83	0.407	-7.747	6.979	0.08270496	0.0	0.0827049612999	750.25	24.3137264252	9.41176509857	87.0	Roundabout
246	Sat Oct 29 15:37:19 GMT+08:00 2016	29-Oct-2016 15:37:17.609	103.326966667	2.03333333333	0.0	2.9	49.4	69.83	0.456	-7.683	6.941	0.075479925	0.0	0.0754799246788	756.25	23.5294113159	9.41176509857	87.0	Roundabout
247	Sat Oct 29 15:37:20 GMT+08:00 2016	29-Oct-2016 15:37:18.611	103.326966667	2.03333333333	0.0	2.9	49.4	69.83	0.218	-7.809	6.956	0.08280631	0.0	0.0828063115478	962.75	28.627450943	9.41176509857	88.0	Roundabout
248	Sat Oct 29 15:37:21 GMT+08:00 2016	29-Oct-2016 15:37:19.610	103.326966667	2.03333333333	0.0	2.9	49.4	69.83	0.766	-7.649	6.856	0.08850064	0.0	0.0897199362516	953.5	41.1764717102	9.41176509857	88.0	Roundabout
249	Sat Oct 29 15:37:22 GMT+08:00 2016	29-Oct-2016 15:37:20.610	103.326966667	2.03333333333	0.0	2.9	49.4	69.83	0.448	-7.662	6.964	0.07652269	0.0	0.076522693038	1021.0	36.8627471924	9.41176509857	88.0	Roundabout
250	Sat Oct 29 15:37:23 GMT+08:00 2016	29-Oct-2016 15:37:21.617	103.326966667	2.03333333333	0.0	2.9	49.4	69.83	1.377	-7.586	7.09	0.08671981	0.0	0.0867198109627	1033.75	36.8627471924	9.41176509857	88.0	Roundabout
251	Sat Oct 29 15:37:24 GMT+08:00 2016	29-Oct-2016 15:37:22.624	103.327005	2.03336	2.0686686	2.9	48.7	56.73	1.246	-7.564	7.038	0.0798288	7.44720697403	0.0798287987709	965.25	36.4705886841	9.41176509857	88.0	Roundabout
252	Sat Oct 29 15:37:25 GMT+08:00 2016	29-Oct-2016 15:37:23.611	103.327018333	2.03336666667	1.5848297	2.8	48.2	57.87	1.576	-7.523	7.109	0.08582629	5.70538663864	0.085826292634	946.25	38.4313735962	9.41176509857	89.0	Roundabout
253	Sat Oct 29 15:37:26 GMT+08:00 2016	29-Oct-2016 15:37:24.621	103.327026667	2.03337166667	0.0	2.8	47.9	45.14	0.706	-7.638	6.917	0.07187611	0.0	0.0718761086464	1010.5	27.0588245392	9.41176509857	89.0	Roundabout
254	Sat Oct 29 15:37:27 GMT+08:00 2016	29-Oct-2016 15:37:25.615	103.327026667	2.03337333333	0.0	2.8	47.5	45.14	0.648	-7.732	7.027	0.0860911	0.0	0.0860911011696	782.5	22.3529415131	9.41176509857	89.0	Roundabout
255	Sat Oct 29 15:37:28 GMT+08:00 2016	29-Oct-2016 15:37:26.612	103.327025	2.03337333333	0.0	2.7	47.1	45.14	0.711	-7.741	6.954	0.08220965	0.0	0.0822096467018	764.75	22.745098114	9.41176509857	89.0	Roundabout
256	Sat Oct 29 15:37:29 GMT+08:00 2016	29-Oct-2016 15:37:27.613	103.327025	2.03337333333	0.0	2.7	47.1	45.14	0.347	-7.744	6.889	0.07614046	0.0	0.0761404633522	752.25	22.745098114	9.41176509857	89.0	Roundabout
257	Sat Oct 29 15:37:30 GMT+08:00 2016	29-Oct-2016 15:37:28.610	103.327025	2.03337333333	0.0	2.7	47.1	45.14	-2.017	-8.246	6.679	0.12855682	0.0	0.12855681777	955.25	56.4705886841	15.6862745285	89.0	Roundabout
258	Sat Oct 29 15:37:31 GMT+08:00 2016	29-Oct-2016 15:37:29.610	103.327025	2.03337333333	0.0	2.7	47.1	45.14	-0.903	-8.091	6.371	0.07279831	0.0	0.0727983117104	1552.75	47.4509811401	16.4705886841	89.0	Roundabout
259	Sat Oct 29 15:37:32 GMT+08:00 2016	29-Oct-2016 15:37:30.610	103.327025	2.03337333333	0.0	2.7	47.1	45.14	-0.784	-8.726	6.053	0.09767262	0.0	0.0976726189256	2055.75	55.2941169739	18.0392150879	88.0	Roundabout
260	Sat Oct 29 15:37:33 GMT+08:00 2016	29-Oct-2016 15:37:31.611	103.327033333	2.03339166667	1.6429933	2.7	44.5	44.57	0.071	-8.208	6.45	0.08314794	5.91477584839	0.0831479430199	2364.75	49.0196075439	15.2941179276	88.0	Roundabout
261	Sat Oct 29 15:37:34 GMT+08:00 2016	29-Oct-2016 15:37:32.611	103.327051667	2.03340666667	3.2607653	2.7	44.0	49.7	1.177	-7.512	7.124	0.08113474	11.7387552261	0.0811347365379	1232.25	21.1764717102	9.41176509857	88.0	Roundabout
262	Sat Oct 29 15:37:35 GMT+08:00 2016	29-Oct-2016 15:37:33.610	103.327081667	2.03343666667	4.9016995	2.7	43.5	47.48	1.664	-7.835	7.393	0.09496947	17.6461181641	0.0949694663286	1361.5	18.4313735962	9.41176509857	88.0	Roundabout
263	Sat Oct 29 15:37:36 GMT+08:00 2016	29-Oct-2016 15:37:34.616	103.327116667	2.03347	5.7525353	2.7	42.9	48.32	1.248	-6.954	7.737	0.08703679	20.7091274261	0.0870367884636	1292.75	17.254901886	9.41176509857	88.0	Roundabout
264	Sat Oct 29 15:37:37 GMT+08:00 2016	29-Oct-2016 15:37:35.611	103.327158333	2.033505	6.007838	2.7	42.5	52.9	1.084	-7.041	7.847	0.0993672	21.6282157898	0.0993672013283	1191.0	16.862745285	9.41176509857	88.0	Roundabout
265	Sat Oct 29 15:37:38 GMT+08:00 2016	29-Oct-2016 15:37:36.609	103.327203333	2.033535	5.773124	2.7	42.1	60.66	0.117	-7.599	7.39	0.09991655	20.783246994	0.0999165475368	1685.5	43.5294113159	14.117647171	89.0	Roundabout
266	Sat Oct 29 15:37:39 GMT+08:00 2016	29-Oct-2016 15:37:37.610	103.32725	2.033555	5.773124	2.7	41.9	70.58	0.486	-7.275	7.808	0.107991755	20.783246994	0.118135511875	1429.25	24.7058830261	10.9803924561	89.0	Roundabout
267	Sat Oct 29 15:37:40 GMT+08:00 2016	29-Oct-2016 15:37:38.618	103.327303333	2.03356833333	6.1215916	2.7	41.8	79.91	0.501	-6.77	8.289	0.09430521	22.0377292633	0.0943052098155	1524.75	32.1568641663	10.1960783005	90.0	Roundabout
268	Sat Oct 29 15:37:41 GMT+08:00 2016	29-Oct-2016 15:37:39.610	103.32736	2.03357166667	6.3140974	2.7	41.6	90.67	0.869	-7.448	8.315	0.10122591	22.7307491302	0.101225912571	1212.25	17.6470584869	9.41176509857	90.0	Roundabout
269	Sat Oct 29 15:37:42 GMT+08:00 2016	29-Oct-2016 15:37:40.609	103.327416667	2.033565	6.511236	2.7	41.5	100.03	-0.162	-6.975	7.729	0.08038825	23.440448761	0.0803882479668	1569.75	45.490196228	14.9019613266	90.0	Roundabout
270	Sat Oct 29 15:37:43 GMT+08:00 2016	29-Oct-2016 15:37:41.610	103.327471667	2.03354833333	6.661535	2.7	41.6	107.32	0.15	-6.49	8.176	0.083200395	23.9815254211	0.0832003951073	1713.5	35.2941169739	11.764705658	90.0	Roundabout
271	Sat Oct 29 15:37:44 GMT+08:00 2016	29-Oct-2016 15:37:42.610	103.327526667	2.03352166667	6.8591886	2.7	41.8	115.82	0.333	-6.972	7.968	0.09880227	24.6930789948	0.0988022685051	1627.75	29.4117660522	12.5490198135	90.0	Roundabout
272	Sat Oct 29 15:37:45 GMT+08:00 2016	29-Oct-2016 15:37:43.611	103.327568333	2.03348	6.8941894	2.7	42.1	130.98	0.225	-7.059	8.279	0.128295	24.8190803528	0.128295004368	1779.0	32.1568641663	13.7254905701	90.0	Roundabout
273	Sat Oct 29 15:37:46 GMT+08:00 2016	29-Oct-2016 15:37:44.612	103.327606667	2.03343	7.019267	2.8	42.0	140.87	0.515	-6.373	8.211	0.07983285	25.269361496	0.0798328518867	1519.25	22.3529415131	9.41176509857	90.0	Roundabout
274	Sat Oct 29 15:37:47 GMT+08:00 2016	29-Oct-2016 15:37:45.610	103.327628333	2.03337166667	6.8571296	2.8	41.9	154.91	0.278	-6.96	7.916	0.09385055	24.6856651306	0.103816978633	1733.25	28.235294342	12.9411764145	90.0	Roundabout
275	Sat Oct 29 15:37:48 GMT+08:00 2016	29-Oct-2016 15:37:46.625	103.327635	2.03330833333	6.748523	2.8	42.2	167.95	0.078	-7.395	8.213	0.14559978	24.2946834564	0.145599782467	1884.25	45.0980415344	15.2941179276	90.0	Roundabout
276	Sat Oct 29 15:37:49 GMT+08:00 2016	29-Oct-2016 15:37:47.610	103.327628333	2.033245	6.635284	2.8	42.5	182.44	0.284	-6.696	8.037	0.08574039	23.8870220184	0.0857403874397	1834.0	42.3529434204	12.5490198135	90.0	Roundabout
277	Sat Oct 29 15:37:50 GMT+08:00 2016	29-Oct-2016 15:37:48.610	103.327603333	2.03318333333	6.6445494	2.9	42.8	196.4	0.216	-6.459	8.091	0.07457322	23.9203777313	0.0745732188225	1880.0	36.4705886841	13.7254905701	90.0	Roundabout
278	Sat Oct 29 15:37:51 GMT+08:00 2016	29-Oct-2016 15:37:49.609	103.327561667	2.033125	6.7546997	2.9	43.0	211.26	-0.39	-6.15	8.637	0.10055071	24.3169174194	0.100550711155	2008.5	50.5882377625	16.4705886841	90.0	Roundabout
279	Sat Oct 29 15:37:52 GMT+08:00 2016	29-Oct-2016 15:37:50.610	103.327488333	2.033075	8.473357	3.0	43.6	235.39	0.111	-5.982	8.936	0.11522931	30.5040855408	0.115229308605	2202.0	45.8823547363	16.4705886841	90.0	Roundabout
280	Sat Oct 29 15:37:53 GMT+08:00 2016	29-Oct-2016 15:37:51.609	103.327415	2.03303833333	8.463577	3.0	43.9	243.6	-0.264	-7.674	7.421	0.10753614	30.4688777924	0.107536137104	2000.0	70.1960830688	23.137254715	90.0	Roundabout
281	Sat Oct 29 15:37:54 GMT+08:00 2016	29-Oct-2016 15:37:52.610	103.32733	2.03302166667	8.771381	3.0	43.9	256.99	0.325	-8.128	6.697	0.09306663	31.5769729614	0.0930666327477	2058.5	60.7843132019	21.1764717102	90.0	Roundabout
282	Sat Oct 29 15:37:55 GMT+08:00 2016	29-Oct-2016 15:37:53.613	103.327235	2.03302166667	9.374636	3.0	44.0	268.53	0.221	-8.245	5.978	0.057382047	33.7486877441	0.0573820471764	2065.0	58.8235321045	18.8235301971	89.0	Roundabout
283	Sat Oct 29 15:37:56 GMT+08:00 2016	29-Oct-2016 15:37:54.610	103.327131667	2.033045	10.729384	3.0	44.2	279.35	0.413	-8.718	5.724	0.082950056	38.6257820129	0.0829500555992	2163.25	61.1764717102	19.607843399	89.0	Roundabout
284	Sat Oct 29 15:37:57 GMT+08:00 2016	29-Oct-2016 15:37:55.610	103.327018333	2.03307666667	11.594118	3.0	44.2	283.19	0.994	-9.556	5.24	0.1345573	41.738822937	0.134557306767	2227.0	61.9607849121	20.0	89.0	Roundabout
285	Sat Oct 29 15:37:58 GMT+08:00 2016	29-Oct-2016 15:37:56.609	103.326901667	2.03310166667	12.599885	2.9	44.8	280.34	1.102	-9.458	5.331	0.13140899	45.3595848083	0.131408989429	2295.5	51.764705658	18.0392150879	89.0	Roundabout
286	Sat Oct 29 15:37:59 GMT+08:00 2016	29-Oct-2016 15:37:57.610	103.326778333	2.033115	13.4949875	2.9	45.0	274.04	0.734	-8.22	6.329	0.09020648	48.5819549561	0.0902064815164	1921.25	63.9215698242	21.1764717102	89.0	Straight Road
287	Sat Oct 29 15:38:00 GMT+08:00 2016	29-Oct-2016 15:37:58.611	103.326636667	2.03311666667	13.968017	2.8	44.7	269.58	0.599	-8.839	6.777	0.15601546	50.2848587036	0.156015455723	2050.75	66.6666641235	21.5686283112	89.0	Straight Road
288	Sat Oct 29 15:38:01 GMT+08:00 2016	29-Oct-2016 15:37:59.610	103.326501667	2.03310833333	14.349426	2.8	44.5	264.92	0.535	-7.73	5.969	0.016044438	51.6579322815	0.0160444378853	2035.5	54.509803772	16.862745285	89.0	Straight Road
289	Sat Oct 29 15:38:02 GMT+08:00 2016	29-Oct-2016 15:38:00.609	103.326366667	2.03309	15.175555	2.8	44.3	261.49	0.897	-8.874	5.783	0.10258168	54.6319961548	0.102581679821	1972.25	53.3333358765	16.862745285	89.0	Straight Road
290	Sat Oct 29 15:38:03 GMT+08:00 2016	29-Oct-2016 15:38:01.610	103.326223333	2.03306333333	16.031023	2.8	44.2	257.99	0.774	-8.332	5.349	0.031377137	57.711681366	0.0153694748878	1987.5	52.1568641663	16.862745285	89.0	Straight Road
291	Sat Oct 29 15:38:04 GMT+08:00 2016	29-Oct-2016 15:38:02.609	103.326075	2.03303333333	16.332136	2.8	45.0	254.69	0.812	-8.743	5.365	0.067922294	58.7956886292	0.0679222941399	2000.0	51.764705658	16.862745285	89.0	Straight Road
292	Sat Oct 29 15:38:05 GMT+08:00 2016	29-Oct-2016 15:38:03.611	103.32593	2.03298833333	16.99201	2.8	45.9	250.56	1.189	-8.772	5.679	0.091095746	61.1712341309	0.0910957455635	2058.0	55.2941169739	17.6470584869	89.0	Straight Road
293	Sat Oct 29 15:38:06 GMT+08:00 2016	29-Oct-2016 15:38:04.610	103.325783333	2.03293	17.232386	2.8	46.2	245.96	0.428	-8.752	6.189	0.11255139	62.0365867615	0.112551391125	2103.25	57.6470603943	18.4313735962	89.0	Straight Road
294	Sat Oct 29 15:38:07 GMT+08:00 2016	29-Oct-2016 15:38:05.610	103.325635	2.03286166667	17.228268	2.8	46.6	242.06	1.097	-8.12	6.058	0.057741344	62.0217628479	0.0577413439751	2048.0	58.8235321045	18.0392150879	89.0	Straight Road
295	Sat Oct 29 15:38:08 GMT+08:00 2016	29-Oct-2016 15:38:06.610	103.325493333	2.032775	17.35283	2.8	46.0	237.34	1.11	-7.937	6.612	0.07809633	62.4701881409	0.0780963301659	1980.25	49.4117660522	16.862745285	89.0	Straight Road
296	Sat Oct 29 15:38:09 GMT+08:00 2016	29-Oct-2016 15:38:07.614	103.325356667	2.03268166667	18.134178	2.7	45.5	234.72	0.287	-8.029	6.352	0.06301957	65.2830429077	0.0630195736885	1742.25	54.9019622803	15.2941179276	89.0	Straight Road
297	Sat Oct 29 15:38:10 GMT+08:00 2016	29-Oct-2016 15:38:08.610	103.32522	2.03257833333	18.915012	2.7	45.1	233.7	0.433	-8.193	7.802	0.1731115	68.094039917	0.173111498356	1750.75	41.5686264038	12.9411764145	89.0	Straight Road
298	Sat Oct 29 15:38:11 GMT+08:00 2016	29-Oct-2016 15:38:09.611	103.325078333	2.03247	18.467718	2.7	44.2	231.43	1.177	-7.687	7.709	0.09473815	66.4837799072	0.0947381481528	1757.0	34.509803772	12.9411764145	88.0	Straight Road
299	Sat Oct 29 15:38:12 GMT+08:00 2016	29-Oct-2016 15:38:10.612	103.324936667	2.03236666667	18.74258	2.7	43.5	232.91	1.497	-6.413	7.12	0.0076396465	67.4732894897	0.00763964653015	1715.75	17.254901886	9.41176509857	88.0	Straight Road
300	Sat Oct 29 15:38:13 GMT+08:00 2016	29-Oct-2016 15:38:11.610	103.324796667	2.03227	18.06572	2.6	43.1	234.86	1.538	-7.102	7.342	0.07200664	65.0365905762	0.0720066428185	1598.0	20.392156601	9.41176509857	88.0	Straight Road
301	Sat Oct 29 15:38:14 GMT+08:00 2016	29-Oct-2016 15:38:12.609	103.324661667	2.03218	17.930862	2.7	43.1	236.9	1.604	-5.845	5.682	-0.13411462	64.5511016846	-0.13411462307	1509.0	19.607843399	9.41176509857	88.0	Straight Road
302	Sat Oct 29 15:38:15 GMT+08:00 2016	29-Oct-2016 15:38:13.610	103.324523333	2.0321	17.77233	2.7	43.3	240.64	2.003	-6.202	6.942	-0.010359466	63.9803848267	-0.0103594660759	1474.75	21.1764717102	9.41176509857	88.0	Straight Road
303	Sat Oct 29 15:38:16 GMT+08:00 2016	29-Oct-2016 15:38:14.612	103.324383333	2.03202666667	17.18709	2.7	43.6	244.43	1.866	-7.637	6.962	0.089458525	61.8735237122	0.0894585251808	1376.75	20.392156601	9.41176509857	88.0	Straight Road
304	Sat Oct 29 15:38:17 GMT+08:00 2016	29-Oct-2016 15:38:15.609	103.324243333	2.03196166667	16.432507	2.7	43.4	246.49	1.386	-7.874	7.161	0.113104284	59.1570205688	0.0806033015251	1325.0	20.392156601	9.41176509857	88.0	Straight Road
305	Sat Oct 29 15:38:18 GMT+08:00 2016	29-Oct-2016 15:38:16.612	103.32411	2.03190666667	15.791677	2.7	43.9	248.55	1.743	-7.759	7.294	0.118985236	56.8500366211	0.118985235691	1371.5	18.8235301971	9.41176509857	87.0	Straight Road
306	Sat Oct 29 15:38:19 GMT+08:00 2016	29-Oct-2016 15:38:17.611	103.323985	2.03186	14.554286	2.7	44.4	250.06	2.121	-7.807	7.157	0.12006146	52.3954277039	0.120061457157	1266.75	17.254901886	9.41176509857	87.0	Straight Road
307	Sat Oct 29 15:38:20 GMT+08:00 2016	29-Oct-2016 15:38:18.610	103.323863333	2.03181666667	13.635507	2.7	45.3	250.77	3.056	-7.576	6.754	0.099488795	49.0878219604	0.0922290682793	1145.25	17.254901886	9.41176509857	86.0	Corner
308	Sat Oct 29 15:38:21 GMT+08:00 2016	29-Oct-2016 15:38:19.613	103.32375	2.03177666667	12.588047	2.7	45.3	250.55	2.915	-7.098	6.944	0.07392496	45.3169670105	0.0739249587059	1063.25	19.2156867981	9.41176509857	86.0	Corner
309	Sat Oct 29 15:38:22 GMT+08:00 2016	29-Oct-2016 15:38:20.611	103.32365	2.03174166667	11.816478	2.7	46.3	249.66	3.838	-8.102	6.24	0.13244778	42.5393180847	0.132447779179	900.25	20.392156601	9.41176509857	86.0	Corner
310	Sat Oct 29 15:38:23 GMT+08:00 2016	29-Oct-2016 15:38:21.610	103.323565	2.03171	9.388534	2.7	46.8	248.54	3.604	-8.572	5.646	0.12793607	33.7987213135	0.127936065197	873.25	23.9215698242	9.41176509857	86.0	Corner
311	Sat Oct 29 15:38:24 GMT+08:00 2016	29-Oct-2016 15:38:22.610	103.323495	2.03168	8.068786	2.7	46.6	242.43	1.607	-9.56	5.115	0.15226088	29.0476284027	0.152260884643	879.0	24.3137264252	9.41176509857	86.0	Corner
312	Sat Oct 29 15:38:25 GMT+08:00 2016	29-Oct-2016 15:38:23.613	103.323443333	2.03164666667	6.8550706	2.7	46.6	235.38	1.598	-9.128	5.41	0.11282545	24.6782531738	0.112825453281	873.0	31.764705658	15.2941179276	86.0	Corner
313	Sat Oct 29 15:38:26 GMT+08:00 2016	29-Oct-2016 15:38:24.612	103.323411667	2.031615	5.555397	2.8	46.0	222.59	-0.296	-8.351	6.863	0.1212737	19.9994297028	0.121273696423	1794.5	63.5294113159	19.2156867981	86.0	Corner
314	Sat Oct 29 15:38:27 GMT+08:00 2016	29-Oct-2016 15:38:25.612	103.323401667	2.03157833333	4.8178	2.8	46.0	201.43	-0.527	-8.586	6.631	0.09700275	17.3440799713	0.0970027521253	2009.0	65.0980377197	20.392156601	86.0	Corner
315	Sat Oct 29 15:38:28 GMT+08:00 2016	29-Oct-2016 15:38:26.610	103.323408333	2.03153166667	5.2635493	2.9	45.7	180.14	-0.056	-8.518	6.921	0.13779849	18.9487762451	0.13779848814	2082.0	63.9215698242	20.392156601	86.0	Corner
316	Sat Oct 29 15:38:29 GMT+08:00 2016	29-Oct-2016 15:38:27.613	103.32343	2.03147666667	6.362996	2.9	45.6	165.86	0.764	-7.969	6.38	0.0625115	22.906785965	0.0625115036964	2021.25	60.7843132019	16.4705886841	86.0	Corner
317	Sat Oct 29 15:38:30 GMT+08:00 2016	29-Oct-2016 15:38:28.611	103.323453333	2.03140833333	7.750687	2.9	45.5	161.15	1.174	-7.612	6.665	0.057270348	27.9024734497	0.0572703480721	1764.5	18.8235301971	9.41176509857	86.0	Corner
318	Sat Oct 29 15:38:31 GMT+08:00 2016	29-Oct-2016 15:38:29.614	103.32348	2.031335	8.392031	2.9	45.4	160.35	1.825	-7.592	6.167	0.033263266	30.211309433	0.0332632660866	1180.25	19.2156867981	9.41176509857	86.0	Intersection
319	Sat Oct 29 15:38:32 GMT+08:00 2016	29-Oct-2016 15:38:30.615	103.323505	2.03126	8.376075	2.9	45.5	158.8	1.671	-7.762	6.903	0.087806314	30.1538677216	0.08780631423	1102.5	18.8235301971	9.41176509857	86.0	Intersection
320	Sat Oct 29 15:38:33 GMT+08:00 2016	29-Oct-2016 15:38:31.610	103.323536667	2.03119166667	7.960694	2.9	45.5	158.05	2.3	-6.671	7.981	0.104943216	28.6584968567	0.104943215847	941.0	19.607843399	9.41176509857	86.0	Intersection
321	Sat Oct 29 15:38:34 GMT+08:00 2016	29-Oct-2016 15:38:32.615	103.323571667	2.03113	7.141771	2.9	45.5	156.78	0.802	-6.352	8.454	0.10001665	25.7103748322	0.100016653538	851.75	23.5294113159	9.41176509857	86.0	Intersection
322	Sat Oct 29 15:38:35 GMT+08:00 2016	29-Oct-2016 15:38:33.618	103.323596667	2.03107666667	5.957395	2.9	45.5	162.96	0.478	-5.608	8.189	0.03191465	21.4466209412	0.0319146513939	1041.0	24.3137264252	10.5882358551	86.0	Intersection
323	Sat Oct 29 15:38:36 GMT+08:00 2016	29-Oct-2016 15:38:34.611	103.323606667	2.03103333333	4.864125	2.9	45.7	180.65	-0.975	-6.368	8.562	0.11124641	17.510848999	0.111246407032	2116.75	44.7058830261	14.9019613266	86.0	Intersection
324	Sat Oct 29 15:38:37 GMT+08:00 2016	29-Oct-2016 15:38:35.610	103.323606667	2.030995	4.2979307	2.9	45.5	191.47	-0.592	-8.034	6.478	0.07275289	15.4725503922	0.072752892971	2478.0	65.0980377197	23.5294113159	86.0	Intersection
325	Sat Oct 29 15:38:38 GMT+08:00 2016	29-Oct-2016 15:38:36.610	103.323586667	2.03096833333	3.6169531	3.0	45.5	216.5	-0.578	-8.651	6.448	0.12043911	13.0210313797	0.120439112186	2237.25	74.9019622803	30.1960792542	86.0	Intersection
326	Sat Oct 29 15:38:39 GMT+08:00 2016	29-Oct-2016 15:38:37.610	103.32355	2.03094833333	4.4827156	3.0	45.8	238.04	-0.251	-8.211	6.11	0.0626238	16.1377754211	0.0626237988472	2391.75	75.6862792969	24.3137264252	86.0	Intersection
327	Sat Oct 29 15:38:40 GMT+08:00 2016	29-Oct-2016 15:38:38.610	103.323496667	2.03092666667	5.905923	3.1	46.1	245.68	0.116	-7.745	6.119	0.025238693	21.2613220215	0.0252386927605	2424.75	68.2352981567	21.9607849121	86.0	Intersection
328	Sat Oct 29 15:38:41 GMT+08:00 2016	29-Oct-2016 15:38:39.611	103.323428333	2.0309	7.3816314	3.2	46.2	246.72	0.098	-8.298	6.523	0.09727302	26.5738716125	0.0972730219364	2541.0	58.8235321045	16.862745285	86.0	Intersection
329	Sat Oct 29 15:38:42 GMT+08:00 2016	29-Oct-2016 15:38:40.610	103.323355	2.030875	8.539242	3.2	46.3	249.45	0.49	-8.019	6.808	0.09245461	30.7412700653	0.0924546122551	1893.75	55.2941169739	16.4705886841	87.0	Straight Road
330	Sat Oct 29 15:38:43 GMT+08:00 2016	29-Oct-2016 15:38:41.610	103.323255	2.03085166667	10.7170315	3.2	46.4	254.02	0.99	-7.549	6.47	0.03749293	38.5813140869	0.0374929308891	1842.75	44.3137245178	9.41176509857	87.0	Straight Road
331	Sat Oct 29 15:38:44 GMT+08:00 2016	29-Oct-2016 15:38:42.610	103.323153333	2.03082	11.343449	3.2	46.6	251.74	1.158	-7.978	6.827	0.095856845	40.8364143372	0.0958568453789	1121.0	26.6666679382	9.41176509857	87.0	Straight Road
332	Sat Oct 29 15:38:45 GMT+08:00 2016	29-Oct-2016 15:38:43.611	103.323051667	2.030785	11.156604	3.2	47.0	250.25	1.015	-7.534	6.728	0.053833544	40.163772583	0.0538335442543	1136.5	22.3529415131	9.41176509857	87.0	Straight Road
333	Sat Oct 29 15:38:46 GMT+08:00 2016	29-Oct-2016 15:38:44.610	103.322946667	2.03074166667	11.189032	3.2	47.1	247.06	1.24	-7.53	6.938	0.07035512	40.2805137634	0.070355117321	1179.25	18.4313735962	9.41176509857	87.0	Straight Road
334	Sat Oct 29 15:38:47 GMT+08:00 2016	29-Oct-2016 15:38:45.610	103.322845	2.03070166667	11.322345	3.2	47.1	248.97	1.313	-7.829	7.229	0.11345965	40.7604408264	0.113459646702	1132.5	18.4313735962	9.41176509857	87.0	Straight Road
335	Sat Oct 29 15:38:48 GMT+08:00 2016	29-Oct-2016 15:38:46.610	103.322745	2.030665	10.94145	3.2	47.1	248.65	1.489	-7.43	7.049	0.07398635	39.3892211914	0.07398635149	1105.25	19.2156867981	9.41176509857	87.0	Straight Road
336	Sat Oct 29 15:38:49 GMT+08:00 2016	29-Oct-2016 15:38:47.613	103.32265	2.03062833333	10.911596	3.2	47.2	248.58	1.425	-7.008	7.386	0.06699592	39.2817459106	0.0669959187508	1070.5	19.607843399	9.41176509857	87.0	Straight Road
337	Sat Oct 29 15:38:50 GMT+08:00 2016	29-Oct-2016 15:38:48.610	103.322561667	2.03059166667	10.786519	3.2	47.9	247.89	2.513	-7.438	7.186	0.103933275	38.8314666748	0.103933274746	1035.25	20.0	9.41176509857	87.0	Straight Road
338	Sat Oct 29 15:38:51 GMT+08:00 2016	29-Oct-2016 15:38:49.610	103.32247	2.03055666667	10.633646	3.2	47.9	248.72	2.573	-7.438	6.984	0.091617405	38.281124115	0.0916174054146	966.0	21.1764717102	9.41176509857	87.0	Straight Road
339	Sat Oct 29 15:38:52 GMT+08:00 2016	29-Oct-2016 15:38:50.610	103.322388333	2.03052666667	9.881638	3.3	48.2	248.77	1.661	-8.274	6.677	0.115947545	35.5738945007	0.115947544575	878.5	23.5294113159	9.41176509857	87.0	Intersection
340	Sat Oct 29 15:38:53 GMT+08:00 2016	29-Oct-2016 15:38:51.610	103.322311667	2.030495	8.923224	3.3	48.2	247.11	3.07	-7.637	7.301	0.14055151	32.1236076355	0.140551507473	974.25	23.137254715	9.41176509857	87.0	Intersection
341	Sat Oct 29 15:38:54 GMT+08:00 2016	29-Oct-2016 15:38:52.610	103.322246667	2.030465	8.289086	3.3	48.6	244.31	3.114	-6.694	6.992	0.05552572	29.8407096863	0.0555257201195	881.25	23.137254715	9.41176509857	86.0	Intersection
342	Sat Oct 29 15:38:55 GMT+08:00 2016	29-Oct-2016 15:38:53.618	103.322195	2.03043333333	6.5627084	3.4	48.7	234.94	1.978	-7.331	7.291	0.092074096	23.625749588	0.0920740962029	956.0	22.745098114	9.41176509857	86.0	Intersection
