	GPS Time	 Device Time	 Longitude	 Latitude	GPS Speed (Meters/second)	 Horizontal Dilution of Precision	 Altitude	 Bearing	 G(x)	 G(y)	 G(z)	 G(calibrated)	Engine RPM(rpm)	Engine Load(%)	Speed (GPS)(km/h)	Throttle Position(Manifold)(%)	Engine Coolant Temperature(Â°C)	Acceleration Sensor(Total)(g)	Road Structure
30	Tue Nov 01 17:34:29 GMT+08:00 2016	01-Nov-2016 17:34:28.909	103.32551151	2.02760809	2.25	6.0	74.0	66.5	-0.8086416	1.5783775	9.184157	0.023001859	1192.75	41.1764717102	8.0999994278	13.72549057006836	90.0	0.0230018589646	Straight Road
31	Tue Nov 01 17:34:30 GMT+08:00 2016	01-Nov-2016 17:34:29.908	103.32552241	2.02763146	3.0	5.0	71.0	62.4	-1.0821792	0.6434417	10.01315	0.033030927	1330.5	41.1764717102	10.7999992371	16.078432083129883	90.0	0.0330309271812	Straight Road
32	Tue Nov 01 17:34:31 GMT+08:00 2016	01-Nov-2016 17:34:30.907	103.32555286	2.02763231	3.0	6.0	71.0	63.2	-0.18794483	1.388637	9.952098	0.04349214	1330.5	19.2156867981	10.7999992371	12.15686321258545	90.0	0.0434921383858	Straight Road
33	Tue Nov 01 17:34:32 GMT+08:00 2016	01-Nov-2016 17:34:31.907	103.32560278	2.0276626	3.75	6.0	71.0	52.2	-0.45250413	2.0925324	9.604341	0.018305574	1530.75	36.0784301758	13.5	19.60784339904785	90.0	0.0183055736125	Straight Road
34	Tue Nov 01 17:34:33 GMT+08:00 2016	01-Nov-2016 17:34:32.906	103.32564314	2.02766326	3.75	6.0	71.0	57.2	-0.35793316	1.5957354	9.559449	0.021529168	2042.25	41.1764717102	13.5	19.60784339904785	89.0	0.0215291678905	Straight Road
35	Tue Nov 01 17:34:34 GMT+08:00 2016	01-Nov-2016 17:34:33.906	103.32567558	2.0277103	4.25	8.0	69.0	48.7	0.2765303	1.5819688	9.515156	-0.010398364	2042.25	41.1764717102	15.2999992371	20.0	89.0	-0.0103983636945	Straight Road
36	Tue Nov 01 17:34:35 GMT+08:00 2016	01-Nov-2016 17:34:34.907	103.32571562	2.02775461	5.0	8.0	68.0	45.9	0.23642741	1.5705963	9.624691	0.013379455	1604.0	56.0784339905	18.0	22.352941513061523	89.0	0.0133794546127	Straight Road
37	Tue Nov 01 17:34:36 GMT+08:00 2016	01-Nov-2016 17:34:35.908	103.32578014	2.02781937	7.0	9.0	65.0	44.1	0.30645782	1.8423382	9.560646	-0.00869	1852.25	56.0784339905	25.1999988556	22.352941513061523	89.0	-0.00868999958038	Straight Road
38	Tue Nov 01 17:34:37 GMT+08:00 2016	01-Nov-2016 17:34:36.914	103.32580822	2.02790717	8.0	11.0	64.0	33.6	-0.08499416	1.9985598	10.5123415	0.011750379	1852.25	56.8627471924	28.7999992371	23.13725471496582	89.0	0.00562085956335	Straight Road
39	Tue Nov 01 17:34:38 GMT+08:00 2016	01-Nov-2016 17:34:37.907	103.32586457	2.02800254	9.25	15.0	64.0	32.1	0.04129998	1.6687586	10.039486	0.032208424	2072.0	54.1176490784	33.2999992371	23.13725471496582	89.0	0.0322084240615	Straight Road
40	Tue Nov 01 17:34:39 GMT+08:00 2016	01-Nov-2016 17:34:38.907	103.32596037	2.02811246	10.75	15.0	62.0	35.2	0.22625206	1.4311341	8.960898	0.03241639	2335.25	51.3725509644	38.7000007629	23.13725471496582	89.0	0.0324163883924	Straight Road
41	Tue Nov 01 17:34:40 GMT+08:00 2016	01-Nov-2016 17:34:39.907	103.32597197	2.02817102	10.5	13.0	68.0	31.4	0.6715736	1.5041572	10.409989	0.09336442	2335.25	51.3725509644	37.7999992371	23.13725471496582	89.0	0.0933644175529	Straight Road
42	Tue Nov 01 17:34:41 GMT+08:00 2016	01-Nov-2016 17:34:40.907	103.32604477	2.02830246	12.5	7.0	66.0	27.2	0.5021838	1.3036429	9.891046	0.0372687	2334.0	49.8039207458	45.0	20.0	89.0	0.0372686982155	Straight Road
43	Tue Nov 01 17:34:42 GMT+08:00 2016	01-Nov-2016 17:34:41.907	103.32609416	2.02842642	12.75	6.0	64.0	27.7	0.18854338	1.1881226	9.416994	-0.007140398	1794.5	49.8039207458	45.8999977112	20.0	89.0	-0.00714039802551	Straight Road
44	Tue Nov 01 17:34:43 GMT+08:00 2016	01-Nov-2016 17:34:42.906	103.32613039	2.02853322	13.25	6.0	63.0	26.8	0.015562311	1.0468647	9.582193	-0.0032596425	1794.5	48.6274528503	47.6999969482	20.0	89.0	-0.00325964251533	Straight Road
45	Tue Nov 01 17:34:44 GMT+08:00 2016	01-Nov-2016 17:34:43.908	103.32616141	2.02862603	13.25	5.0	63.0	24.9	0.47884035	1.377863	10.081984	0.028240928	1841.5	49.0196075439	47.6999969482	20.0	89.0	0.0282409284264	Straight Road
46	Tue Nov 01 17:34:45 GMT+08:00 2016	01-Nov-2016 17:34:44.906	103.32621787	2.02871876	13.25	6.0	61.0	25.1	-0.43155485	1.6992847	9.962274	0.0501284	1858.5	49.0196075439	47.6999969482	20.0	89.0	0.0501284003258	Straight Road
47	Tue Nov 01 17:34:46 GMT+08:00 2016	01-Nov-2016 17:34:45.907	103.32627732	2.02880678	13.25	6.0	59.0	26.7	-0.30406362	1.395221	9.940127	-0.0022123843	1858.5	49.0196075439	47.6999969482	20.39215660095215	89.0	-0.00221238425002	Straight Road
48	Tue Nov 01 17:34:47 GMT+08:00 2016	01-Nov-2016 17:34:46.907	103.32633846	2.02890493	14.0	6.0	59.0	27.8	-0.27234045	1.4089876	9.799467	0.027664738	1883.75	51.3725509644	50.3999977112	21.176471710205078	89.0	0.0276647377759	Straight Road
49	Tue Nov 01 17:34:48 GMT+08:00 2016	01-Nov-2016 17:34:47.908	103.32640109	2.02902021	14.0	5.0	59.0	25.8	0.062249243	1.4395138	9.190742	-0.01172086	1873.0	51.3725509644	50.3999977112	21.176471710205078	89.0	-0.011720860377	Straight Road
50	Tue Nov 01 17:34:49 GMT+08:00 2016	01-Nov-2016 17:34:48.906	103.32644706	2.02914551	14.25	10.0	60.0	23.2	0.33997664	1.1965023	9.524135	-0.0018954277	1873.0	38.8235282898	51.2999992371	15.29411792755127	89.0	-0.00189542770386	Straight Road
51	Tue Nov 01 17:34:50 GMT+08:00 2016	01-Nov-2016 17:34:49.906	103.32649349	2.02927133	14.25	10.0	61.0	22.8	-0.15143326	0.24540567	9.501988	-0.011951804	1754.75	13.7254905701	51.2999992371	9.803921699523926	89.0	-0.0119518041611	Straight Road
52	Tue Nov 01 17:34:51 GMT+08:00 2016	01-Nov-2016 17:34:50.906	103.32654134	2.0293837	14.0	10.0	62.0	21.9	0.023942016	0.6218939	9.22426	-0.017621726	1135.75	14.9019613266	50.3999977112	9.803921699523926	89.0	-0.0176217257977	Straight Road
53	Tue Nov 01 17:34:52 GMT+08:00 2016	01-Nov-2016 17:34:51.906	103.32659303	2.02949319	13.25	10.0	61.0	22.2	0.2801216	0.60693014	9.593566	-0.011639312	1135.75	14.9019613266	47.6999969482	9.803921699523926	89.0	-0.0116393119097	Straight Road
54	Tue Nov 01 17:34:53 GMT+08:00 2016	01-Nov-2016 17:34:52.908	103.3266358	2.02961006	13.25	10.0	62.0	20.4	0.31423897	0.75956047	9.780912	0.0006158054	1117.75	18.8235301971	47.6999969482	12.15686321258545	89.0	0.000615805387497	Straight Road
55	Tue Nov 01 17:34:54 GMT+08:00 2016	01-Nov-2016 17:34:53.906	103.32667307	2.02972746	13.25	10.0	63.0	20.7	-0.047285482	0.85293436	9.84795	0.02663809	1225.25	20.7843132019	47.6999969482	12.15686321258545	89.0	0.0266380906105	Straight Road
56	Tue Nov 01 17:34:55 GMT+08:00 2016	01-Nov-2016 17:34:54.906	103.32671478	2.02983684	13.0	10.0	62.0	23.7	0.49320555	1.0702082	9.7007065	0.03275765	1371.25	20.7843132019	46.7999992371	14.901961326599121	90.0	0.0327576510608	Straight Road
57	Tue Nov 01 17:34:56 GMT+08:00 2016	01-Nov-2016 17:34:55.907	103.32675578	2.02996423	13.75	10.0	61.0	21.3	0.40342298	1.0654198	9.662998	-0.02218507	1371.25	30.9803924561	49.5	15.29411792755127	90.0	-0.0221850704402	Straight Road
58	Tue Nov 01 17:34:57 GMT+08:00 2016	01-Nov-2016 17:34:56.911	103.32679872	2.03008599	13.75	10.0	62.0	20.6	0.12150574	0.84575176	9.669582	0.0069706603	1276.25	19.2156867981	49.5	15.29411792755127	90.0	0.00697066029534	Straight Road
59	Tue Nov 01 17:34:58 GMT+08:00 2016	01-Nov-2016 17:34:57.907	103.32685763	2.03021227	14.25	11.0	62.0	22.1	-0.0035913025	0.62368953	10.012551	0.047392223	1276.25	19.2156867981	51.2999992371	13.333333969116211	90.0	0.0473922230303	Straight Road
60	Tue Nov 01 17:34:59 GMT+08:00 2016	01-Nov-2016 17:34:58.909	103.32689766	2.03034191	14.0	10.0	61.0	19.3	-0.2837129	0.60932434	9.506777	-0.009490609	1195.5	8.23529434204	50.3999977112	9.803921699523926	90.0	-0.00949060916901	Straight Road
61	Tue Nov 01 17:35:00 GMT+08:00 2016	01-Nov-2016 17:34:59.907	103.32693632	2.03046835	13.75	10.0	60.0	18.2	0.094570965	0.6218939	10.415376	0.03218153	1135.75	12.9411764145	49.5	9.803921699523926	90.0	0.0321815311909	Straight Road
62	Tue Nov 01 17:35:01 GMT+08:00 2016	01-Nov-2016 17:35:00.909	103.32697745	2.03057879	13.5	10.0	60.0	18.2	-0.23523031	0.60932434	9.7479925	0.0028576576	1012.5	26.2745094299	48.5999984741	9.803921699523926	90.0	0.0028576576151	Straight Road
63	Tue Nov 01 17:35:02 GMT+08:00 2016	01-Nov-2016 17:35:01.906	103.32701556	2.03069108	13.0	10.0	59.0	17.2	-0.014963761	0.6955156	10.094553	-0.010649581	1212.25	23.9215698242	46.7999992371	12.941176414489746	90.0	-0.0106495814398	Straight Road
64	Tue Nov 01 17:35:03 GMT+08:00 2016	01-Nov-2016 17:35:02.908	103.32705649	2.03079821	13.25	10.0	60.0	18.1	0.089184016	0.8487445	8.977059	-0.061781526	1161.75	23.137254715	47.6999969482	12.549019813537598	90.0	0.0329881310463	Straight Road
65	Tue Nov 01 17:35:04 GMT+08:00 2016	01-Nov-2016 17:35:03.909	103.32708121	2.03093243	14.0	12.0	61.0	16.1	-0.15801731	0.5021838	8.77834	-0.08455634	1166.0	24.7058830261	50.3999977112	10.588235855102539	90.0	-0.0845563411713	Straight Road
66	Tue Nov 01 17:35:05 GMT+08:00 2016	01-Nov-2016 17:35:04.907	103.32710707	2.0310444	12.75	11.0	60.0	15.0	-0.47046062	0.53929394	8.956709	-0.025296945	1014.25	15.6862745285	45.8999977112	9.803921699523926	89.0	-0.0252969451249	Straight Road
67	Tue Nov 01 17:35:06 GMT+08:00 2016	01-Nov-2016 17:35:05.907	103.32714166	2.03114704	12.5	11.0	60.0	15.0	0.048482586	0.557849	10.016143	-0.028557545	1021.0	15.6862745285	45.0	9.803921699523926	89.0	-0.0285575445741	Straight Road
68	Tue Nov 01 17:35:07 GMT+08:00 2016	01-Nov-2016 17:35:06.908	103.32717822	2.03126706	12.75	11.0	59.0	15.5	0.04129998	-0.074220255	10.008362	0.023015559	994.5	16.0784320831	45.8999977112	9.803921699523926	89.0	0.0230155587196	Straight Road
69	Tue Nov 01 17:35:08 GMT+08:00 2016	01-Nov-2016 17:35:07.907	103.32720784	2.03136946	12.5	12.0	59.0	16.5	-0.11432313	-0.4177882	8.735844	-0.08940214	969.0	16.862745285	45.0	9.803921699523926	89.0	-0.0894021391869	Straight Road
70	Tue Nov 01 17:35:09 GMT+08:00 2016	01-Nov-2016 17:35:08.907	103.32722623	2.03148225	12.25	14.0	58.0	12.8	0.24001873	-0.42437226	9.618107	0.005476925	925.0	17.254901886	44.0999984741	9.803921699523926	89.0	0.00547692505643	Straight Road
71	Tue Nov 01 17:35:10 GMT+08:00 2016	01-Nov-2016 17:35:09.907	103.32723898	2.03156358	10.5	12.0	59.0	11.2	0.43275195	-0.91219085	10.230424	-0.0074202335	835.5	18.0392150879	37.7999992371	9.803921699523926	89.0	-0.00742023345083	Straight Road
72	Tue Nov 01 17:35:11 GMT+08:00 2016	01-Nov-2016 17:35:10.906	103.32726274	2.03165608	10.5	12.0	59.0	12.5	0.56323594	-1.376666	9.584588	0.029814571	769.5	20.7843132019	37.7999992371	9.803921699523926	89.0	0.0298145711422	Straight Road
73	Tue Nov 01 17:35:12 GMT+08:00 2016	01-Nov-2016 17:35:11.911	103.32723231	2.03170068	8.75	12.0	59.0	9.5	-0.16519992	-0.75237787	9.931747	0.012539779	704.5	22.745098114	31.5	9.803921699523926	89.0	0.0125397788361	Straight Road
74	Tue Nov 01 17:35:13 GMT+08:00 2016	01-Nov-2016 17:35:12.908	103.32724049	2.03176375	7.0	11.0	59.0	10.4	0.19632454	0.82719666	9.562442	-0.0023903847	774.75	24.3137264252	25.1999988556	9.803921699523926	89.0	-0.00239038467407	Straight Road
75	Tue Nov 01 17:35:14 GMT+08:00 2016	01-Nov-2016 17:35:13.907	103.32724772	2.03182552	6.25	12.0	58.0	7.6	-0.11372458	0.8595184	9.462483	0.001694878	782.5	30.5882358551	22.5	12.941176414489746	89.0	0.00169487798121	Straight Road
76	Tue Nov 01 17:35:15 GMT+08:00 2016	01-Nov-2016 17:35:14.907	103.32725487	2.03191161	6.75	13.0	59.0	6.0	0.24001873	1.1390414	9.878476	0.010484213	982.5	28.235294342	24.2999992371	12.941176414489746	89.0	0.0104842130095	Straight Road
77	Tue Nov 01 17:35:16 GMT+08:00 2016	01-Nov-2016 17:35:15.908	103.32723888	2.03197721	7.0	13.0	59.0	1.2	0.2100912	1.2755109	9.527127	-0.00093603134	1185.5	31.372549057	25.1999988556	14.901961326599121	89.0	-0.000936031341553	Straight Road
78	Tue Nov 01 17:35:17 GMT+08:00 2016	01-Nov-2016 17:35:16.926	103.32726409	2.03202351	6.5	14.0	59.0	10.1	-0.21428105	1.400608	9.841965	0.032601774	1259.25	39.2156867981	23.3999996185	16.078432083129883	89.0	0.0326017737389	Straight Road
79	Tue Nov 01 17:35:18 GMT+08:00 2016	01-Nov-2016 17:35:17.908	103.32722842	2.03206575	6.0	14.0	58.0	6.0	-0.25139117	1.2413936	9.372103	0.004779812	1344.5	39.6078453064	21.5999984741	16.078432083129883	89.0	0.00477981194854	Straight Road
80	Tue Nov 01 17:35:19 GMT+08:00 2016	01-Nov-2016 17:35:18.907	103.32728037	2.03211698	6.5	15.0	57.0	19.2	-0.52732295	0.31483752	9.303867	-0.010796214	1187.25	14.509803772	23.3999996185	9.803921699523926	89.0	-0.0107962144539	Straight Road
81	Tue Nov 01 17:35:20 GMT+08:00 2016	01-Nov-2016 17:35:19.909	103.32731211	2.03223514	8.5	14.0	57.0	16.6	-0.7068881	-0.79607207	9.488221	-0.005662044	1261.5	12.9411764145	30.5999984741	9.803921699523926	89.0	-0.00566204404458	Straight Road
82	Tue Nov 01 17:35:21 GMT+08:00 2016	01-Nov-2016 17:35:20.909	103.32732914	2.03232632	9.25	13.0	56.0	12.9	-0.44113165	-0.9331401	9.886257	0.03225082	1193.0	14.117647171	33.2999992371	9.803921699523926	89.0	0.0322508215904	Straight Road
83	Tue Nov 01 17:35:22 GMT+08:00 2016	01-Nov-2016 17:35:21.911	103.32734946	2.03246908	10.5	13.0	56.0	10.5	-0.98341835	-0.89303726	9.510966	-0.0020717978	1170.0	14.509803772	37.7999992371	9.803921699523926	89.0	-0.00207179784775	Straight Road
84	Tue Nov 01 17:35:23 GMT+08:00 2016	01-Nov-2016 17:35:22.933	103.32736361	2.03256609	10.25	13.0	56.0	10.6	-0.7685388	-0.7565677	9.442732	0.0017901026	1111.25	15.2941179276	36.8999977112	9.803921699523926	89.0	0.00179010257125	Straight Road
85	Tue Nov 01 17:35:24 GMT+08:00 2016	01-Nov-2016 17:35:23.909	103.3273634	2.03261137	9.25	13.0	55.0	5.2	-0.712275	-1.3946224	9.1751795	0.017576428	945.5	12.5490198135	33.2999992371	9.803921699523926	89.0	0.0175764281303	Straight Road
86	Tue Nov 01 17:35:25 GMT+08:00 2016	01-Nov-2016 17:35:24.908	103.32735914	2.03269074	9.0	13.0	55.0	0.9	-0.7092823	-1.6035166	9.68694	0.03502798	857.0	12.5490198135	32.3999977112	9.803921699523926	89.0	0.0350279808044	Straight Road
87	Tue Nov 01 17:35:26 GMT+08:00 2016	01-Nov-2016 17:35:25.906	103.32735916	2.03277094	8.0	13.0	56.0	357.0	-0.84694886	-1.6166847	9.841965	0.03936273	785.75	13.3333339691	28.7999992371	9.803921699523926	89.0	0.0393627285957	Roundabout
88	Tue Nov 01 17:35:27 GMT+08:00 2016	01-Nov-2016 17:35:26.907	103.32734651	2.03285184	8.0	15.0	54.0	356.6	-1.6352397	0.6607997	9.920375	0.0028694377	689.5	14.117647171	28.7999992371	9.803921699523926	89.0	0.00286943768151	Roundabout
89	Tue Nov 01 17:35:28 GMT+08:00 2016	01-Nov-2016 17:35:27.907	103.32737598	2.032925	7.75	16.0	54.0	2.7	-1.2755109	0.29747957	10.006566	0.03133726	760.5	16.862745285	27.8999996185	9.803921699523926	89.0	0.0313372612	Roundabout
90	Tue Nov 01 17:35:29 GMT+08:00 2016	01-Nov-2016 17:35:28.908	103.32728619	2.03294304	6.75	14.0	53.0	325.5	-1.6190789	1.0582372	9.239224	-0.0010980666	757.0	46.2745094299	24.2999992371	15.686274528503418	89.0	-0.00109806656837	Roundabout
91	Tue Nov 01 17:35:30 GMT+08:00 2016	01-Nov-2016 17:35:29.909	103.3272137	2.03295817	6.75	12.0	52.0	310.9	-0.6943185	1.1653777	10.041881	0.051934898	1327.0	34.1176490784	24.2999992371	15.686274528503418	89.0	0.0519348978996	Roundabout
92	Tue Nov 01 17:35:31 GMT+08:00 2016	01-Nov-2016 17:35:30.908	103.32716542	2.03299781	7.5	12.0	53.0	299.3	-0.17896658	1.769315	9.662399	0.020497024	1376.75	47.0588226318	27.0	19.60784339904785	89.0	0.0204970240593	Roundabout
93	Tue Nov 01 17:35:32 GMT+08:00 2016	01-Nov-2016 17:35:31.907	103.32710683	2.03303239	7.25	12.0	52.0	297.2	-0.533907	1.8106151	8.617331	-0.031415764	1781.25	50.1960792542	26.0999984741	21.176471710205078	89.0	-0.0314157642424	Roundabout
94	Tue Nov 01 17:35:33 GMT+08:00 2016	01-Nov-2016 17:35:32.907	103.32705156	2.03301441	7.5	12.0	49.0	294.6	-0.6392518	0.9935937	9.674371	0.007894863	1804.75	54.9019622803	27.0	21.568628311157227	89.0	0.00789486337453	Roundabout
95	Tue Nov 01 17:35:34 GMT+08:00 2016	01-Nov-2016 17:35:33.908	103.32696702	2.03306298	8.5	12.0	50.0	293.5	-1.2378023	1.5717934	10.448297	0.06191109	1828.0	54.9019622803	30.5999984741	22.352941513061523	89.0	0.0619110912085	Roundabout
96	Tue Nov 01 17:35:35 GMT+08:00 2016	01-Nov-2016 17:35:34.907	103.32684561	2.03310831	10.25	11.0	51.0	288.9	-1.6376339	1.5903485	9.709086	0.035700858	1844.25	54.509803772	36.8999977112	22.352941513061523	89.0	0.0357008576393	Roundabout
97	Tue Nov 01 17:35:36 GMT+08:00 2016	01-Nov-2016 17:35:35.909	103.32677026	2.03310419	10.5	11.0	48.0	284.9	-1.513734	0.61650693	9.15842	0.0018710527	1877.5	56.8627471924	37.7999992371	23.13725471496582	89.0	0.00187105266377	Straight Road
98	Tue Nov 01 17:35:37 GMT+08:00 2016	01-Nov-2016 17:35:36.908	103.32663786	2.03309187	12.0	10.0	49.0	271.5	-0.94451255	1.6424223	9.168595	-0.01115222	1853.0	57.6470603943	43.1999969482	23.13725471496582	89.0	-0.0100462054834	Straight Road
99	Tue Nov 01 17:35:38 GMT+08:00 2016	01-Nov-2016 17:35:37.907	103.32650587	2.03309116	13.25	11.0	48.0	269.1	-0.504578	1.3628993	9.824008	0.007966941	1938.5	58.0392150879	47.6999969482	23.52941131591797	89.0	0.00796694122255	Straight Road
100	Tue Nov 01 17:35:39 GMT+08:00 2016	01-Nov-2016 17:35:38.907	103.32639757	2.03305536	13.5	11.0	49.0	264.5	-1.0199299	1.2012907	10.621876	0.0052188756	1989.5	59.6078453064	48.5999984741	24.705883026123047	89.0	0.00521887559444	Straight Road
101	Tue Nov 01 17:35:40 GMT+08:00 2016	01-Nov-2016 17:35:39.907	103.32627481	2.03299977	13.75	12.0	49.0	260.4	-0.9091981	1.2934675	9.613917	0.0074179303	2041.5	58.0392150879	49.5	23.52941131591797	89.0	0.0074179302901	Straight Road
102	Tue Nov 01 17:35:41 GMT+08:00 2016	01-Nov-2016 17:35:40.907	103.32616093	2.03298041	13.75	13.0	50.0	260.4	-1.1510124	0.7667431	9.470863	0.037299387	2022.25	30.1960792542	49.5	17.647058486938477	89.0	0.037299387157	Straight Road
103	Tue Nov 01 17:35:42 GMT+08:00 2016	01-Nov-2016 17:35:41.921	103.32601794	2.03300735	14.25	14.0	50.0	267.2	-1.2731167	0.7368156	8.974665	0.02579882	1454.25	12.5490198135	51.2999992371	9.803921699523926	89.0	0.0337731763721	Straight Road
104	Tue Nov 01 17:35:43 GMT+08:00 2016	01-Nov-2016 17:35:42.909	103.32588263	2.03300931	15.0	15.0	50.0	268.7	-1.2629414	0.47465047	10.293272	0.07723826	1344.25	15.6862745285	54.0	9.803921699523926	89.0	0.0772382616997	Straight Road
105	Tue Nov 01 17:35:44 GMT+08:00 2016	01-Nov-2016 17:35:43.907	103.32573647	2.03297988	14.75	14.0	50.0	264.3	-1.2090719	1.7340006	9.050082	-0.022402612	1410.25	22.3529415131	53.0999984741	11.764705657958984	89.0	-0.0224026124924	Straight Road
106	Tue Nov 01 17:35:45 GMT+08:00 2016	01-Nov-2016 17:35:44.907	103.32561652	2.03291236	14.5	13.0	50.0	253.2	0.95827925	1.6418238	9.745598	0.037319995	1463.5	26.6666679382	52.1999969482	14.901961326599121	89.0	0.0373199954629	Straight Road
107	Tue Nov 01 17:35:46 GMT+08:00 2016	01-Nov-2016 17:35:45.907	103.32548285	2.03283347	14.75	13.0	50.0	249.0	-0.34476504	0.3345897	10.000581	0.027192766	1504.0	37.6470603943	53.0999984741	16.078432083129883	89.0	0.0271927658468	Straight Road
108	Tue Nov 01 17:35:47 GMT+08:00 2016	01-Nov-2016 17:35:46.915	103.32537301	2.03269557	15.5	11.0	48.0	236.2	-0.7158663	1.2228385	8.798691	-0.07253349	1510.75	39.2156867981	55.7999992371	16.47058868408203	89.0	-0.0725334882736	Straight Road
109	Tue Nov 01 17:35:48 GMT+08:00 2016	01-Nov-2016 17:35:47.907	103.32526216	2.03261894	15.75	11.0	48.0	234.5	1.2150574	1.8836381	9.022549	-0.033312082	1428.5	40.7843132019	56.6999969482	16.47058868408203	89.0	-0.0333120822906	Straight Road
110	Tue Nov 01 17:35:49 GMT+08:00 2016	01-Nov-2016 17:35:48.907	103.3251395	2.03253548	15.75	10.0	48.0	233.3	-0.676362	0.81163436	8.173206	-0.01823593	1433.75	39.6078453064	56.6999969482	16.078432083129883	89.0	-0.0182359293103	Straight Road
111	Tue Nov 01 17:35:50 GMT+08:00 2016	01-Nov-2016 17:35:49.907	103.32503031	2.03245459	15.75	10.0	47.0	232.7	0.43035775	1.0462662	9.554062	-0.022008557	1449.5	38.4313735962	56.6999969482	16.078432083129883	89.0	-0.0220085568726	Straight Road
112	Tue Nov 01 17:35:51 GMT+08:00 2016	01-Nov-2016 17:35:50.907	103.32491847	2.03235979	16.0	10.0	47.0	231.8	0.7433996	0.7368156	8.057087	0.0025667613	1452.0	30.5882358551	57.5999984741	14.901961326599121	89.0	0.00256676133722	Straight Road
113	Tue Nov 01 17:35:52 GMT+08:00 2016	01-Nov-2016 17:35:51.907	103.32479823	2.03227418	16.25	10.0	48.0	232.1	0.45190558	0.6099229	10.937312	0.1365965	1472.5	20.392156601	58.5	13.333333969116211	89.0	0.136596500874	Straight Road
114	Tue Nov 01 17:35:53 GMT+08:00 2016	01-Nov-2016 17:35:52.907	103.32468637	2.03217742	16.5	10.0	46.0	232.0	0.41060558	0.6607997	8.907029	-0.06958914	1419.5	16.4705886841	59.3999977112	11.372549057006836	89.0	-0.069589138031	Straight Road
115	Tue Nov 01 17:35:54 GMT+08:00 2016	01-Nov-2016 17:35:53.909	103.32455419	2.03211416	16.25	10.0	44.0	239.7	0.75956047	1.0648212	7.3244615	-0.06922143	1385.5	11.372549057	58.5	9.803921699523926	89.0	-0.0692214295268	Straight Road
116	Tue Nov 01 17:35:55 GMT+08:00 2016	01-Nov-2016 17:35:54.909	103.32442755	2.03205157	16.25	9.0	43.0	242.9	1.9806033	1.4987702	10.238205	0.08104355	1298.0	10.9803924561	58.5	9.803921699523926	90.0	0.081043548882	Straight Road
117	Tue Nov 01 17:35:56 GMT+08:00 2016	01-Nov-2016 17:35:55.907	103.32428535	2.03199031	16.0	9.0	43.0	246.3	0.012569559	-0.110731825	8.292317	-0.016641296	1383.0	8.23529434204	57.5999984741	9.803921699523926	90.0	-0.0166412964463	Straight Road
118	Tue Nov 01 17:35:57 GMT+08:00 2016	01-Nov-2016 17:35:56.910	103.32415585	2.03194546	15.75	9.0	43.0	249.0	0.29747957	0.6967127	10.123882	0.053881347	1316.75	8.62745094299	56.6999969482	9.803921699523926	90.0	0.0538813471794	Straight Road
119	Tue Nov 01 17:35:58 GMT+08:00 2016	01-Nov-2016 17:35:57.908	103.32402371	2.03189425	15.75	10.0	41.0	251.1	-0.01436521	0.48841715	9.885659	0.053828713	1285.5	8.23529434204	56.6999969482	9.803921699523926	90.0	0.0538287125528	Straight Road
120	Tue Nov 01 17:35:59 GMT+08:00 2016	01-Nov-2016 17:35:58.911	103.32390507	2.0318715	15.0	9.0	41.0	252.3	0.03172317	0.75357497	9.658808	-0.0057968115	1344.5	8.62745094299	54.0	10.588235855102539	90.0	-0.00579681154341	Straight Road
121	Tue Nov 01 17:36:00 GMT+08:00 2016	01-Nov-2016 17:35:59.907	103.32377771	2.03183396	14.75	9.0	40.0	251.8	-0.077213004	0.717662	9.802461	0.030414457	1459.75	35.2941169739	53.0999984741	16.47058868408203	90.0	0.0304144565016	Straight Road
122	Tue Nov 01 17:36:01 GMT+08:00 2016	01-Nov-2016 17:36:00.907	103.32365322	2.0317953	14.75	9.0	42.0	251.2	0.32022446	0.98940384	10.151415	0.059218347	1409.75	35.6862754822	53.0999984741	16.47058868408203	90.0	0.0592183470726	Straight Road
123	Tue Nov 01 17:36:02 GMT+08:00 2016	01-Nov-2016 17:36:01.910	103.32351507	2.03175639	15.0	9.0	41.0	251.2	-0.21308395	0.7966706	9.365519	-0.022615075	1391.0	29.0196075439	54.0	15.29411792755127	90.0	-0.00494575500488	Straight Road
124	Tue Nov 01 17:36:03 GMT+08:00 2016	01-Nov-2016 17:36:02.908	103.32339376	2.03170914	15.0	9.0	41.0	250.4	-0.12808979	1.407192	9.502586	0.002819296	1371.25	27.8431377411	54.0	14.901961326599121	90.0	0.00281929597259	Straight Road
125	Tue Nov 01 17:36:04 GMT+08:00 2016	01-Nov-2016 17:36:03.909	103.32326835	2.03166316	15.0	9.0	41.0	250.6	0.25977087	-0.044891283	9.374496	-0.006906867	1304.0	13.7254905701	54.0	10.980392456054688	90.0	-0.00690686702728	Straight Road
126	Tue Nov 01 17:36:05 GMT+08:00 2016	01-Nov-2016 17:36:04.907	103.32314559	2.0316193	15.0	10.0	42.0	250.9	0.34715924	0.18734628	9.67018	-0.015318241	1304.0	12.9411764145	54.0	9.803921699523926	90.0	-0.0153182409704	Straight Road
127	Tue Nov 01 17:36:06 GMT+08:00 2016	01-Nov-2016 17:36:05.907	103.32301666	2.0315734	14.75	9.0	42.0	250.2	0.33638534	0.4261679	9.783307	0.017813444	1225.75	12.9411764145	53.0999984741	9.803921699523926	90.0	0.0178134441376	Straight Road
128	Tue Nov 01 17:36:07 GMT+08:00 2016	01-Nov-2016 17:36:06.909	103.32289726	2.03153364	14.25	9.0	42.0	250.8	-0.05626374	0.36631286	9.880871	0.026932538	1207.0	14.117647171	51.2999992371	9.803921699523926	90.0	0.0269325375557	Straight Road
129	Tue Nov 01 17:36:08 GMT+08:00 2016	01-Nov-2016 17:36:07.906	103.32277603	2.0314843	14.0	9.0	41.0	251.3	-0.34835634	0.30107087	9.916783	0.030685285	1176.0	14.509803772	50.3999977112	9.803921699523926	90.0	0.0306852851063	Straight Road
130	Tue Nov 01 17:36:09 GMT+08:00 2016	01-Nov-2016 17:36:08.908	103.32266137	2.03144561	13.5	9.0	41.0	250.8	-0.45549688	0.712275	9.509769	-0.014665219	1133.25	14.509803772	48.5999984741	9.803921699523926	90.0	-0.0146652190015	Straight Road
131	Tue Nov 01 17:36:10 GMT+08:00 2016	01-Nov-2016 17:36:09.910	103.32253708	2.0313968	13.5	9.0	42.0	250.1	-0.320823	0.29747957	9.713875	0.016710434	1097.0	16.4705886841	48.5999984741	9.803921699523926	90.0	0.016710434109	Straight Road
132	Tue Nov 01 17:36:11 GMT+08:00 2016	01-Nov-2016 17:36:10.907	103.32243653	2.03135707	13.0	9.0	42.0	249.0	-0.46746787	-0.14844051	9.625888	0.0015050769	1024.0	17.254901886	46.7999992371	9.803921699523926	90.0	0.00150507688522	Straight Road
133	Tue Nov 01 17:36:12 GMT+08:00 2016	01-Nov-2016 17:36:11.907	103.32232923	2.0313112	12.25	9.0	41.0	249.7	-0.130484	0.31004912	9.5570545	0.011359189	950.25	17.254901886	44.0999984741	9.803921699523926	90.0	0.0113591887057	Straight Road
134	Tue Nov 01 17:36:13 GMT+08:00 2016	01-Nov-2016 17:36:12.907	103.32223676	2.03127646	11.5	9.0	41.0	250.2	0.08678981	0.28491	9.633669	0.015062503	909.25	17.254901886	41.3999977112	9.803921699523926	90.0	0.0150625025854	Straight Road
135	Tue Nov 01 17:36:14 GMT+08:00 2016	01-Nov-2016 17:36:13.909	103.3221455	2.03124382	11.0	9.0	41.0	248.6	-0.13946225	0.23762453	9.31105	0.005813825	872.25	17.254901886	39.5999984741	9.803921699523926	90.0	0.0058138249442	Straight Road
136	Tue Nov 01 17:36:15 GMT+08:00 2016	01-Nov-2016 17:36:14.908	103.32205385	2.03121323	10.5	9.0	41.0	247.7	-0.37229836	-0.50038815	9.696517	0.009474456	845.5	19.2156867981	37.7999992371	9.803921699523926	90.0	0.00947445631027	Straight Road
137	Tue Nov 01 17:36:16 GMT+08:00 2016	01-Nov-2016 17:36:15.908	103.3219664	2.03118011	10.0	10.0	41.0	247.9	-1.0528502	-0.82779527	9.701904	0.017359853	807.0	20.392156601	36.0	9.803921699523926	90.0	0.0173598527908	Corner
138	Tue Nov 01 17:36:17 GMT+08:00 2016	01-Nov-2016 17:36:16.909	103.3219163	2.03115426	8.5	10.0	39.0	245.4	-1.7310078	-1.0767922	9.92636	0.040832948	682.25	25.490196228	30.5999984741	9.803921699523926	90.0	0.0408329479396	Corner
139	Tue Nov 01 17:36:18 GMT+08:00 2016	01-Nov-2016 17:36:17.909	103.32185018	2.03112296	7.25	10.0	40.0	239.9	-2.6264393	0.5590461	10.523115	0.06402578	720.75	27.4509811401	26.0999984741	9.803921699523926	90.0	0.0640257820487	Corner
140	Tue Nov 01 17:36:19 GMT+08:00 2016	01-Nov-2016 17:36:18.912	103.32179846	2.03108837	6.75	10.0	39.0	234.0	-2.4091654	0.21787235	8.866327	0.022018343	836.75	27.0588245392	24.2999992371	9.803921699523926	90.0	0.0220183432102	Corner
141	Tue Nov 01 17:36:20 GMT+08:00 2016	01-Nov-2016 17:36:19.907	103.32179566	2.03106603	4.75	11.0	40.0	225.0	-0.6667852	0.7906851	9.476849	-0.009223938	850.25	13.7254905701	17.1000003815	12.15686321258545	90.0	-0.00922393798828	Corner
142	Tue Nov 01 17:36:21 GMT+08:00 2016	01-Nov-2016 17:36:20.909	103.32179652	2.03101822	4.75	12.0	39.0	206.1	-0.54887074	1.2575544	9.343372	0.013952476	920.5	29.0196075439	17.1000003815	15.686274528503418	90.0	0.0139524759725	Corner
143	Tue Nov 01 17:36:22 GMT+08:00 2016	01-Nov-2016 17:36:21.907	103.32182759	2.0309579	5.0	12.0	41.0	180.3	-0.8230068	1.2569559	9.470264	0.023535248	1595.75	42.745098114	18.0	18.431373596191406	90.0	0.0235352478921	Corner
144	Tue Nov 01 17:36:23 GMT+08:00 2016	01-Nov-2016 17:36:22.907	103.32182172	2.03088824	5.75	12.0	42.0	180.4	-0.8074445	1.9021933	9.407417	-0.004202101	1610.0	44.7058830261	20.6999988556	18.823530197143555	90.0	-0.00420210091397	Corner
145	Tue Nov 01 17:36:24 GMT+08:00 2016	01-Nov-2016 17:36:23.908	103.32185461	2.0308339	6.75	10.0	41.0	164.6	-0.21308395	0.5117606	9.442732	-0.016780913	1669.25	20.0	24.2999992371	9.803921699523926	90.0	-0.0167809128761	Corner
146	Tue Nov 01 17:36:25 GMT+08:00 2016	01-Nov-2016 17:36:24.907	103.32186382	2.03075787	7.0	11.0	41.0	165.0	-0.54168814	-0.6548142	9.877877	0.029638708	900.0	12.1568632126	25.1999988556	9.803921699523926	90.0	0.0296387076378	Straight Road
147	Tue Nov 01 17:36:26 GMT+08:00 2016	01-Nov-2016 17:36:25.907	103.32189934	2.03069097	7.5	11.0	40.0	158.0	-0.18974048	0.6206968	9.539098	0.009990072	778.75	14.117647171	27.0	9.803921699523926	90.0	0.00999007187784	Straight Road
148	Tue Nov 01 17:36:27 GMT+08:00 2016	01-Nov-2016 17:36:26.908	103.32192621	2.03064679	6.0	11.0	40.0	154.7	-0.41479546	0.45190558	9.734824	0.007010005	652.5	14.509803772	21.5999984741	9.803921699523926	89.0	0.00701000494882	Straight Road
149	Tue Nov 01 17:36:28 GMT+08:00 2016	01-Nov-2016 17:36:27.908	103.32193928	2.0306035	5.5	11.0	41.0	159.1	-0.28550854	-0.80804306	9.586384	0.020523451	628.25	14.509803772	19.7999992371	9.803921699523926	89.0	0.0234407521784	Straight Road
150	Tue Nov 01 17:36:29 GMT+08:00 2016	01-Nov-2016 17:36:28.908	103.32196	2.0305669	5.0	11.0	40.0	153.8	-1.3892355	0.4842273	10.135853	0.063043654	583.0	19.2156867981	18.0	9.803921699523926	89.0	0.063043653965	Straight Road
151	Tue Nov 01 17:36:30 GMT+08:00 2016	01-Nov-2016 17:36:29.908	103.32197359	2.03054287	3.75	11.0	40.0	156.4	-1.0528502	0.724246	10.596138	0.05146145	909.5	20.7843132019	13.5	9.803921699523926	89.0	0.0514614507556	Straight Road
152	Tue Nov 01 17:36:31 GMT+08:00 2016	01-Nov-2016 17:36:30.909	103.32198135	2.03053439	3.0	11.0	39.0	148.8	-2.147599	-0.25198972	9.406818	0.04106634	1002.0	16.0784320831	10.7999992371	10.196078300476074	89.0	0.0410663411021	Straight Road
153	Tue Nov 01 17:36:32 GMT+08:00 2016	01-Nov-2016 17:36:31.909	103.32199291	2.03051592	2.75	12.0	40.0	142.9	-2.2385786	1.1354501	9.209297	0.0054225503	1433.75	34.509803772	9.89999961853	16.078432083129883	89.0	0.00542255025357	Intersection
154	Tue Nov 01 17:36:33 GMT+08:00 2016	01-Nov-2016 17:36:32.909	103.32201939	2.03048164	3.25	12.0	40.0	128.1	-1.1510124	1.555034	9.127894	-0.029861331	1641.25	32.1568641663	11.6999998093	16.47058868408203	89.0	-0.029861330986	Intersection
155	Tue Nov 01 17:36:34 GMT+08:00 2016	01-Nov-2016 17:36:33.908	103.32205746	2.03051136	3.0	12.0	39.0	98.0	-0.8182184	1.5969325	9.782109	0.03279382	1885.25	38.8235282898	10.7999992371	17.254901885986328	89.0	0.0327938199043	Intersection
156	Tue Nov 01 17:36:35 GMT+08:00 2016	01-Nov-2016 17:36:34.907	103.32211378	2.03050686	4.25	12.0	40.0	89.8	-0.96665895	1.3563153	9.7402115	0.024778288	1561.5	43.9215698242	15.2999992371	18.431373596191406	89.0	0.0247782878578	Intersection
157	Tue Nov 01 17:36:36 GMT+08:00 2016	01-Nov-2016 17:36:35.907	103.3221931	2.03053159	6.25	11.0	40.0	75.7	-0.4345476	0.43394905	9.77373	0.013535251	1305.25	10.5882358551	22.5	12.941176414489746	89.0	0.0135352509096	Straight Road
158	Tue Nov 01 17:36:37 GMT+08:00 2016	01-Nov-2016 17:36:36.909	103.32223221	2.03055803	6.0	11.0	40.0	68.9	-0.7116765	0.8050503	9.900024	0.010295968	1178.0	11.372549057	21.5999984741	9.803921699523926	89.0	0.0102959675714	Straight Road
159	Tue Nov 01 17:36:38 GMT+08:00 2016	01-Nov-2016 17:36:37.907	103.32228829	2.03057207	6.5	11.0	41.0	70.6	-0.80684596	0.53809685	9.497798	-0.0077906847	1057.75	12.5490198135	23.3999996185	9.803921699523926	89.0	-0.00779068470001	Straight Road
160	Tue Nov 01 17:36:39 GMT+08:00 2016	01-Nov-2016 17:36:38.908	103.32235666	2.0305951	6.5	11.0	41.0	67.7	-0.35793316	0.4345476	9.762358	0.01579684	1041.75	12.9411764145	23.3999996185	9.803921699523926	89.0	0.0157968401909	Straight Road
161	Tue Nov 01 17:36:40 GMT+08:00 2016	01-Nov-2016 17:36:39.910	103.3223957	2.03063641	5.75	11.0	40.0	65.1	0.19871874	1.2719196	9.616311	0.008146835	1003.75	20.7843132019	20.6999988556	14.117647171020508	90.0	0.00814683455974	Straight Road
162	Tue Nov 01 17:36:41 GMT+08:00 2016	01-Nov-2016 17:36:40.921	103.32245742	2.03064139	5.75	11.0	40.0	65.6	-0.06823475	2.136825	9.483433	0.012343258	1548.25	52.5490188599	20.6999988556	19.60784339904785	90.0	0.0125588933006	Straight Road
163	Tue Nov 01 17:36:42 GMT+08:00 2016	01-Nov-2016 17:36:41.909	103.32251321	2.03065494	6.0	11.0	40.0	67.8	-0.2753332	1.7375919	9.552865	0.016699238	1708.75	56.4705886841	21.5999984741	22.352941513061523	90.0	0.016699237749	Straight Road
164	Tue Nov 01 17:36:43 GMT+08:00 2016	01-Nov-2016 17:36:42.908	103.32258048	2.03067836	6.5	11.0	40.0	71.2	-0.3693056	1.3317747	9.804854	0.02835542	1791.75	57.6470603943	23.3999996185	20.39215660095215	90.0	0.0283554196358	Straight Road
165	Tue Nov 01 17:36:44 GMT+08:00 2016	01-Nov-2016 17:36:43.908	103.32264916	2.03068684	7.5	11.0	39.0	71.6	-0.7098808	0.5081693	9.828198	0.0034894592	1631.75	15.6862745285	27.0	14.901961326599121	90.0	0.0034894591663	Straight Road
166	Tue Nov 01 17:36:45 GMT+08:00 2016	01-Nov-2016 17:36:44.915	103.32267047	2.030729	8.0	11.0	38.0	70.1	-0.44651863	0.27952304	9.030929	0.0046638763	1004.0	16.862745285	28.7999992371	9.803921699523926	90.0	0.0095496494323	Straight Road
167	Tue Nov 01 17:36:46 GMT+08:00 2016	01-Nov-2016 17:36:45.907	103.32273664	2.03076414	7.75	11.0	38.0	67.3	0.58418524	0.6374562	9.72824	0.052386962	961.5	18.4313735962	27.8999996185	9.803921699523926	90.0	0.0523869618773	Straight Road
168	Tue Nov 01 17:36:47 GMT+08:00 2016	01-Nov-2016 17:36:46.907	103.32280966	2.03079177	8.0	12.0	37.0	65.1	0.38845924	0.20410569	9.564836	-0.004965782	943.5	18.8235301971	28.7999992371	9.803921699523926	90.0	-0.00496578216553	Straight Road
169	Tue Nov 01 17:36:48 GMT+08:00 2016	01-Nov-2016 17:36:47.907	103.32287172	2.03081291	7.5	12.0	38.0	66.6	-0.011971008	0.95708215	10.164583	0.0597288	1038.25	43.1372566223	27.0	15.29411792755127	90.0	0.0597288012505	Straight Road
170	Tue Nov 01 17:36:49 GMT+08:00 2016	01-Nov-2016 17:36:48.907	103.32293743	2.03084176	7.75	11.0	38.0	70.1	-0.07182605	0.45130703	9.749788	0.0014739223	1250.0	16.4705886841	27.8999996185	9.803921699523926	90.0	0.00147392228246	Straight Road
171	Tue Nov 01 17:36:50 GMT+08:00 2016	01-Nov-2016 17:36:49.907	103.3230219	2.0308498	8.0	12.0	38.0	72.9	-0.17776948	0.59855044	9.794679	0.013588331	988.25	12.5490198135	28.7999992371	9.803921699523926	90.0	0.0135883307084	Straight Road
172	Tue Nov 01 17:36:51 GMT+08:00 2016	01-Nov-2016 17:36:50.907	103.32309806	2.03087228	8.25	13.0	38.0	71.5	0.0	-0.4782418	9.99639	0.0063307113	879.5	12.9411764145	29.6999988556	9.803921699523926	90.0	0.00633071130142	Straight Road
173	Tue Nov 01 17:36:52 GMT+08:00 2016	01-Nov-2016 17:36:51.914	103.32317405	2.03090385	8.5	14.0	40.0	68.7	-0.06943185	-1.1025299	9.709086	0.015099049	726.0	13.7254905701	30.5999984741	9.803921699523926	91.0	0.00930154323578	Straight Road
174	Tue Nov 01 17:36:53 GMT+08:00 2016	01-Nov-2016 17:36:52.912	103.32321879	2.03090369	7.0	15.0	40.0	71.1	-1.2473791	-0.97384155	9.492412	0.012142565	653.25	15.2941179276	25.1999988556	9.803921699523926	91.0	0.0128579810262	Straight Road
175	Tue Nov 01 17:36:54 GMT+08:00 2016	01-Nov-2016 17:36:53.930	103.3232277	2.03090947	4.5	13.0	40.0	77.8	-0.46507367	-1.4215573	9.903615	0.038199052	652.5	16.862745285	16.1999988556	9.803921699523926	91.0	0.0371504202485	Straight Road
176	Tue Nov 01 17:36:55 GMT+08:00 2016	01-Nov-2016 17:36:54.907	103.32326954	2.03092477	3.75	13.0	40.0	76.5	-0.24899697	-1.3401544	9.768343	0.020546366	740.0	14.117647171	13.5	9.803921699523926	91.0	0.0205463655293	Straight Road
177	Tue Nov 01 17:36:56 GMT+08:00 2016	01-Nov-2016 17:36:55.906	103.32329842	2.03092021	3.5	13.0	40.0	78.3	-0.3824737	0.44951138	9.611523	0.0006132722	596.5	16.862745285	12.5999994278	9.803921699523926	91.0	0.000613272190094	Straight Road
178	Tue Nov 01 17:36:57 GMT+08:00 2016	01-Nov-2016 17:36:56.907	103.3233152	2.03096096	3.5	14.0	38.0	64.4	-0.3561375	0.75836337	9.704298	0.011904895	583.0	18.0392150879	12.5999994278	9.803921699523926	91.0	0.0119048953056	Straight Road
179	Tue Nov 01 17:36:58 GMT+08:00 2016	01-Nov-2016 17:36:57.907	103.32330898	2.03095943	2.25	15.0	36.0	73.4	-0.25797522	1.447295	9.925163	0.01428242	559.75	17.6470584869	8.0999994278	9.803921699523926	91.0	0.0142824202776	Straight Road
180	Tue Nov 01 17:36:59 GMT+08:00 2016	01-Nov-2016 17:36:58.907	103.32333076	2.03094712	2.25	17.0	36.0	84.4	-0.065242	1.9560628	9.582792	0.014089997	1379.75	34.1176490784	8.0999994278	15.29411792755127	91.0	0.0140899969265	Straight Road
181	Tue Nov 01 17:37:00 GMT+08:00 2016	01-Nov-2016 17:36:59.908	103.32343249	2.03099379	4.75	18.0	36.0	70.7	-0.22924481	2.1320367	9.691729	0.032370202	1334.25	33.3333320618	17.1000003815	16.078432083129883	92.0	0.0323702022433	Straight Road
182	Tue Nov 01 17:37:01 GMT+08:00 2016	01-Nov-2016 17:37:00.908	103.32340536	2.03099463	3.0	16.0	38.0	64.0	-0.62608373	1.726818	9.388264	-0.0058459044	1484.25	43.5294113159	10.7999992371	17.254901885986328	92.0	-0.00584590435028	Straight Road
183	Tue Nov 01 17:37:02 GMT+08:00 2016	01-Nov-2016 17:37:01.908	103.3234043	2.03097102	2.75	14.0	39.0	75.1	-0.34237084	0.56563014	9.668983	0.0095577175	1631.75	14.9019613266	9.89999961853	9.803921699523926	92.0	0.00955771747977	Straight Road
184	Tue Nov 01 17:37:03 GMT+08:00 2016	01-Nov-2016 17:37:02.907	103.32344475	2.03096478	4.25	12.0	39.0	73.9	-0.24181437	-1.8854338	9.982624	0.035019293	934.5	15.2941179276	15.2999992371	9.803921699523926	92.0	0.0350192934275	Straight Road
185	Tue Nov 01 17:37:04 GMT+08:00 2016	01-Nov-2016 17:37:03.908	103.32346864	2.03097415	3.75	12.0	39.0	71.1	-0.40402153	0.5758055	9.605537	-0.0014690293	789.5	21.9607849121	13.5	9.803921699523926	92.0	-0.00146902934648	Straight Road
186	Tue Nov 01 17:37:05 GMT+08:00 2016	01-Nov-2016 17:37:04.910	103.32349742	2.03098296	3.75	12.0	42.0	71.1	-0.5506664	0.27114335	9.831191	0.023111403	794.25	21.5686283112	13.5	11.764705657958984	92.0	0.0231114029884	Straight Road
187	Tue Nov 01 17:37:06 GMT+08:00 2016	01-Nov-2016 17:37:05.908	103.32352204	2.03099228	3.5	13.0	39.0	72.9	-0.6667852	0.84694886	9.682152	0.012065232	1031.75	28.627450943	12.5999994278	12.941176414489746	92.0	0.0120652318001	Straight Road
188	Tue Nov 01 17:37:07 GMT+08:00 2016	01-Nov-2016 17:37:06.908	103.32354837	2.03100867	3.5	14.0	39.0	70.7	-0.5710171	0.45130703	9.56304	0.00623329	1037.25	16.4705886841	12.5999994278	12.941176414489746	92.0	0.00623328983784	Intersection
189	Tue Nov 01 17:37:08 GMT+08:00 2016	01-Nov-2016 17:37:07.908	103.323576	2.03102467	3.5	14.0	41.0	68.9	-0.50038815	0.4345476	9.586982	0.0143321855	847.0	20.392156601	12.5999994278	9.803921699523926	92.0	0.0143321854994	Intersection
190	Tue Nov 01 17:37:09 GMT+08:00 2016	01-Nov-2016 17:37:08.916	103.32359827	2.03102905	3.25	13.0	41.0	71.2	-0.15682021	-1.0749966	9.598953	0.009439594	830.5	22.745098114	11.6999998093	9.803921699523926	92.0	0.0101528912783	Intersection
191	Tue Nov 01 17:37:10 GMT+08:00 2016	01-Nov-2016 17:37:09.907	103.3236136	2.03103677	3.0	13.0	40.0	72.4	-0.23163901	-0.36870706	9.643246	0.00300318	625.75	22.3529415131	10.7999992371	9.803921699523926	92.0	0.00300318002701	Intersection
192	Tue Nov 01 17:37:11 GMT+08:00 2016	01-Nov-2016 17:37:10.907	103.32362366	2.03103985	2.75	12.0	40.0	75.5	-0.40043023	0.38726214	9.499594	-0.010978341	628.75	16.862745285	9.89999961853	9.803921699523926	93.0	-0.0109783411026	Intersection
193	Tue Nov 01 17:37:12 GMT+08:00 2016	01-Nov-2016 17:37:11.908	103.32362047	2.03104521	1.5	12.0	40.0	57.2	-0.25498247	0.6015432	9.623494	0.00735753	668.75	21.1764717102	5.39999961853	9.803921699523926	93.0	0.00735752983019	Intersection
194	Tue Nov 01 17:37:13 GMT+08:00 2016	01-Nov-2016 17:37:12.907	103.32361844	2.03105772	0.0	12.0	43.0	0.0	-0.3657143	0.3561375	9.752781	0.006381208	770.25	20.392156601	0.0	9.803921699523926	93.0	0.00638120807707	Intersection
195	Tue Nov 01 17:37:14 GMT+08:00 2016	01-Nov-2016 17:37:13.910	103.32362351	2.03106182	0.0	12.0	44.0	0.0	-0.21667525	0.7260417	9.733627	0.010261127	598.25	18.0392150879	0.0	9.803921699523926	93.0	0.0102611267939	Intersection
196	Tue Nov 01 17:37:15 GMT+08:00 2016	01-Nov-2016 17:37:14.907	103.32362903	2.03106078	0.0	12.0	45.0	0.0	-0.06344634	0.96306765	9.603742	0.0029059649	634.75	21.9607849121	0.0	9.803921699523926	93.0	0.00290596485138	Intersection
197	Tue Nov 01 17:37:16 GMT+08:00 2016	01-Nov-2016 17:37:15.908	103.32363439	2.03106316	0.5	13.0	45.0	57.2	-0.27114335	-0.4878186	9.619903	0.0052676573	671.5	20.392156601	1.79999995232	9.803921699523926	93.0	0.00526765733957	Intersection
198	Tue Nov 01 17:37:17 GMT+08:00 2016	01-Nov-2016 17:37:16.907	103.3236359	2.03107	0.75	12.0	46.0	57.2	-0.16998832	-0.16639702	9.674969	0.0111708045	567.5	19.607843399	2.69999980927	9.803921699523926	93.0	0.0111708045006	Intersection
199	Tue Nov 01 17:37:18 GMT+08:00 2016	01-Nov-2016 17:37:17.908	103.32363526	2.0310784	0.75	13.0	42.0	40.7	-0.19812019	0.3585317	9.742605	0.008572638	739.25	20.0	2.69999980927	9.803921699523926	93.0	0.00857263803482	Intersection
200	Tue Nov 01 17:37:19 GMT+08:00 2016	01-Nov-2016 17:37:18.907	103.32363138	2.03107255	0.75	13.0	42.0	55.6	0.04369418	0.9115923	9.735423	0.015748858	731.25	21.1764717102	2.69999980927	9.803921699523926	93.0	0.0157488584518	Intersection
201	Tue Nov 01 17:37:20 GMT+08:00 2016	01-Nov-2016 17:37:19.908	103.32361819	2.03107606	0.75	13.0	42.0	325.2	0.96546185	2.610877	9.568427	0.019218853	1016.25	46.2745094299	2.69999980927	9.803921699523926	93.0	0.0192188527435	Intersection
202	Tue Nov 01 17:37:21 GMT+08:00 2016	01-Nov-2016 17:37:20.907	103.32360434	2.03106845	0.75	13.0	42.0	240.6	1.3826514	1.0348936	9.677363	0.027466003	1441.0	40.3921585083	2.69999980927	15.29411792755127	93.0	0.0274660028517	Intersection
203	Tue Nov 01 17:37:22 GMT+08:00 2016	01-Nov-2016 17:37:21.907	103.32360308	2.03107843	0.75	12.0	42.0	340.8	0.6667852	0.7260417	9.280524	0.030459631	1291.5	40.7843132019	2.69999980927	15.29411792755127	94.0	0.0304596312344	Intersection
204	Tue Nov 01 17:37:23 GMT+08:00 2016	01-Nov-2016 17:37:22.907	103.32362109	2.03108255	1.0	11.0	42.0	77.8	0.33877954	1.3090298	9.504382	-0.001797293	1379.75	43.5294113159	3.59999990463	15.29411792755127	94.0	-0.0017972929636	Intersection
205	Tue Nov 01 17:37:24 GMT+08:00 2016	01-Nov-2016 17:37:23.907	103.32364115	2.03107385	1.25	10.0	41.0	103.4	0.14425065	1.8417397	10.283695	0.084067285	1531.25	49.0196075439	4.5	19.60784339904785	94.0	0.0840672850609	Intersection
206	Tue Nov 01 17:37:25 GMT+08:00 2016	01-Nov-2016 17:37:24.908	103.32368037	2.03104715	3.5	11.0	42.0	122.2	-0.13826515	1.6124948	9.239224	-0.0023188107	1978.5	47.4509811401	12.5999994278	20.0	94.0	-0.00231881067157	Intersection
207	Tue Nov 01 17:37:26 GMT+08:00 2016	01-Nov-2016 17:37:25.909	103.32371262	2.03101356	4.0	11.0	42.0	135.9	-0.30645782	1.881244	9.9233675	0.015082921	1991.0	58.4313735962	14.3999996185	20.39215660095215	94.0	0.0150829209015	Intersection
208	Tue Nov 01 17:37:27 GMT+08:00 2016	01-Nov-2016 17:37:26.912	103.32374752	2.03096681	5.25	11.0	42.0	142.7	-0.16938977	2.0087352	9.993997	0.02912669	1808.0	64.3137283325	18.8999996185	26.666667938232422	94.0	0.0254832953215	Straight Road
209	Tue Nov 01 17:37:28 GMT+08:00 2016	01-Nov-2016 17:37:27.909	103.32379107	2.03089715	5.75	12.0	42.0	149.0	-0.04189853	1.893215	9.461885	0.0026414394	1894.5	64.3137283325	20.6999988556	27.05882453918457	94.0	0.00264143943787	Straight Road
210	Tue Nov 01 17:37:29 GMT+08:00 2016	01-Nov-2016 17:37:28.907	103.32378353	2.03081677	7.5	11.0	43.0	159.5	-0.13826515	2.006341	9.619903	0.020821631	1952.25	64.7058868408	27.0	27.45098114013672	94.0	0.0208216309547	Straight Road
211	Tue Nov 01 17:37:30 GMT+08:00 2016	01-Nov-2016 17:37:29.919	103.32378228	2.03074637	8.25	11.0	44.0	159.9	-0.5279215	1.858499	9.694721	-0.007438147	2039.0	63.5294113159	29.6999988556	27.45098114013672	94.0	-0.00743814697489	Straight Road
212	Tue Nov 01 17:37:31 GMT+08:00 2016	01-Nov-2016 17:37:30.907	103.32382501	2.03066569	9.0	10.0	44.0	159.1	-0.20171149	1.6579847	9.196129	0.00329113	2089.25	58.0392150879	32.3999977112	27.45098114013672	95.0	0.00329113006592	Straight Road
213	Tue Nov 01 17:37:32 GMT+08:00 2016	01-Nov-2016 17:37:31.907	103.32381506	2.03056654	10.0	10.0	43.0	161.4	-1.0965444	1.1330559	8.738237	0.0059579783	2139.25	45.490196228	36.0	20.0	95.0	0.00595797831193	Straight Road
214	Tue Nov 01 17:37:33 GMT+08:00 2016	01-Nov-2016 17:37:32.909	103.32387345	2.03047535	10.5	10.0	42.0	157.9	-0.7906851	0.93613285	10.323798	0.078761995	1441.0	34.1176490784	37.7999992371	17.254901885986328	95.0	0.0787619948387	Straight Road
215	Tue Nov 01 17:37:34 GMT+08:00 2016	01-Nov-2016 17:37:33.908	103.32392451	2.03038038	10.75	10.0	41.0	153.4	-1.7178397	0.7541735	9.231443	-0.026418226	1432.5	36.0784301758	38.7000007629	15.29411792755127	95.0	-0.0264182258397	Curve Road
216	Tue Nov 01 17:37:35 GMT+08:00 2016	01-Nov-2016 17:37:34.916	103.32396615	2.03029328	10.25	10.0	41.0	147.9	-1.3066356	0.7410054	9.123704	0.0050396663	1420.5	36.4705886841	36.8999977112	15.29411792755127	95.0	0.00503966631368	Curve Road
217	Tue Nov 01 17:37:36 GMT+08:00 2016	01-Nov-2016 17:37:35.909	103.32402497	2.03022052	10.0	10.0	42.0	145.1	-1.2108675	0.39264908	9.486425	-0.021201968	1416.75	43.5294113159	36.0	16.86274528503418	95.0	-0.0229669474065	Curve Road
218	Tue Nov 01 17:37:37 GMT+08:00 2016	01-Nov-2016 17:37:36.908	103.32410316	2.03015224	10.25	10.0	44.0	134.6	-0.74758947	0.5859809	9.701904	0.012709677	1411.5	24.3137264252	36.8999977112	12.941176414489746	95.0	0.0127096772194	Curve Road
219	Tue Nov 01 17:37:38 GMT+08:00 2016	01-Nov-2016 17:37:37.907	103.32418227	2.0300922	10.5	10.0	44.0	129.4	-1.6370354	0.80086046	9.098565	-0.035099328	1367.5	25.0980396271	37.7999992371	12.941176414489746	95.0	-0.0350993275642	Curve Road
220	Tue Nov 01 17:37:39 GMT+08:00 2016	01-Nov-2016 17:37:38.907	103.3242669	2.03003305	11.0	10.0	44.0	126.0	-1.7082629	0.33039984	8.719683	-0.091743544	1358.75	25.490196228	39.5999984741	12.941176414489746	95.0	-0.0917435437441	Curve Road
221	Tue Nov 01 17:37:40 GMT+08:00 2016	01-Nov-2016 17:37:39.907	103.32435907	2.02996696	11.25	11.0	43.0	125.7	-2.180519	1.417966	9.482835	0.02135259	1342.5	26.2745094299	40.5	12.941176414489746	95.0	0.0213525891304	Curve Road
222	Tue Nov 01 17:37:41 GMT+08:00 2016	01-Nov-2016 17:37:40.909	103.32444882	2.0299236	11.0	12.0	43.0	121.2	-2.191293	1.1659763	9.470264	0.016977191	1390.0	27.8431377411	39.5999984741	13.72549057006836	95.0	0.0169771909714	Curve Road
223	Tue Nov 01 17:37:42 GMT+08:00 2016	01-Nov-2016 17:37:41.907	103.32457552	2.02989827	12.0	12.0	41.0	110.8	-0.7350199	1.7070658	10.459669	0.101926744	1712.25	61.1764717102	43.1999969482	23.52941131591797	96.0	0.101926743984	Curve Road
224	Tue Nov 01 17:37:43 GMT+08:00 2016	01-Nov-2016 17:37:42.919	103.32463646	2.02987285	10.5	12.0	40.0	109.0	-1.174356	1.7531542	9.721656	0.033070028	1846.75	61.9607849121	37.7999992371	24.705883026123047	96.0	-0.0556892156601	Curve Road
225	Tue Nov 01 17:37:44 GMT+08:00 2016	01-Nov-2016 17:37:43.907	103.32473138	2.02992369	10.75	11.0	38.0	90.5	-1.6286557	1.6519991	8.689755	-0.06417233	1836.5	61.1764717102	38.7000007629	24.705883026123047	96.0	-0.0641723275185	Curve Road
226	Tue Nov 01 17:37:45 GMT+08:00 2016	01-Nov-2016 17:37:44.908	103.32481749	2.02995505	10.5	11.0	36.0	83.0	-0.7044938	1.70946	11.244369	0.18060714	1834.0	61.1764717102	37.7999992371	24.705883026123047	96.0	0.180607140064	Curve Road
227	Tue Nov 01 17:37:46 GMT+08:00 2016	01-Nov-2016 17:37:45.910	103.32493025	2.02999516	11.0	11.0	36.0	77.5	-0.22146365	1.2838906	9.642648	0.010872126	1838.0	61.9607849121	39.5999984741	24.705883026123047	96.0	0.0108721256256	Curve Road
228	Tue Nov 01 17:37:47 GMT+08:00 2016	01-Nov-2016 17:37:46.908	103.3250266	2.03001623	11.25	11.0	36.0	76.4	-0.12270284	1.3042414	10.025121	0.025233166	1885.25	63.5294113159	40.5	25.882352828979492	96.0	0.0252331662923	Straight Road
229	Tue Nov 01 17:37:48 GMT+08:00 2016	01-Nov-2016 17:37:47.907	103.32512816	2.03001915	11.75	10.0	37.0	75.1	-0.038905777	1.0528502	8.55987	-0.101849794	1903.75	63.1372566223	42.2999992371	26.27450942993164	96.0	-0.101849794388	Straight Road
230	Tue Nov 01 17:37:49 GMT+08:00 2016	01-Nov-2016 17:37:48.915	103.32522725	2.03006631	12.5	10.0	37.0	72.1	1.0947487	1.6316484	10.214862	0.079358995	1944.5	61.5686302185	45.0	26.27450942993164	96.0	0.0793589949608	Straight Road
231	Tue Nov 01 17:37:50 GMT+08:00 2016	01-Nov-2016 17:37:49.911	103.32534261	2.03008135	13.0	10.0	36.0	73.4	-0.007182605	1.6178818	10.559627	0.10797554	2016.75	60.3921585083	46.7999992371	26.27450942993164	96.0	0.107975542545	Straight Road
232	Tue Nov 01 17:37:51 GMT+08:00 2016	01-Nov-2016 17:37:50.909	103.32546591	2.03008858	13.5	10.0	37.0	75.9	1.7489643	1.1031284	9.56304	0.016353965	2033.0	58.4313735962	48.5999984741	23.13725471496582	95.0	0.0163539648056	Straight Road
233	Tue Nov 01 17:37:52 GMT+08:00 2016	01-Nov-2016 17:37:51.907	103.32558879	2.0301056	13.75	10.0	37.0	78.2	0.98820674	0.74519527	9.46847	-0.007603526	1965.0	53.3333358765	49.5	22.352941513061523	95.0	-0.00760352611542	Straight Road
234	Tue Nov 01 17:37:53 GMT+08:00 2016	01-Nov-2016 17:37:52.907	103.3257236	2.03012783	14.25	10.0	39.0	81.9	0.6596026	0.46208093	9.490017	0.0666123	1909.75	40.7843132019	51.2999992371	20.39215660095215	95.0	0.066612303257	Straight Road
235	Tue Nov 01 17:37:54 GMT+08:00 2016	01-Nov-2016 17:37:53.912	103.32586957	2.03015203	14.75	10.0	40.0	84.2	1.0636241	0.18555063	10.86788	0.13229042	1608.0	10.9803924561	53.0999984741	11.764705657958984	95.0	0.132290422916	Straight Road
236	Tue Nov 01 17:37:55 GMT+08:00 2016	01-Nov-2016 17:37:54.920	103.32599239	2.03016407	14.0	10.0	43.0	88.7	1.0073603	0.20111294	9.43914	-0.013123214	1062.0	9.01960754395	50.3999977112	9.803921699523926	95.0	-0.0131232142448	Straight Road
237	Tue Nov 01 17:37:56 GMT+08:00 2016	01-Nov-2016 17:37:55.907	103.32610979	2.03015632	13.5	9.0	43.0	91.7	1.3497312	-0.46567222	10.486604	0.09783369	858.0	11.764705658	48.5999984741	9.803921699523926	95.0	0.0978336930275	Straight Road
238	Tue Nov 01 17:37:57 GMT+08:00 2016	01-Nov-2016 17:37:56.909	103.32622308	2.03015112	12.75	10.0	44.0	94.1	0.7200562	-0.074220255	9.7479925	0.015415072	801.25	12.1568632126	45.8999977112	9.803921699523926	95.0	0.0154150724411	Straight Road
239	Tue Nov 01 17:37:58 GMT+08:00 2016	01-Nov-2016 17:37:57.908	103.32633329	2.03014708	12.25	10.0	44.0	96.5	0.19871874	0.56682724	10.414778	0.082413256	729.25	12.9411764145	44.0999984741	9.803921699523926	95.0	0.0824132561684	Straight Road
240	Tue Nov 01 17:37:59 GMT+08:00 2016	01-Nov-2016 17:37:58.908	103.32641267	2.03011129	10.5	10.0	45.0	104.6	0.12749124	-0.56802434	10.427945	0.083646476	697.25	12.9411764145	37.7999992371	9.803921699523926	95.0	0.0836464762688	Straight Road
241	Tue Nov 01 17:38:00 GMT+08:00 2016	01-Nov-2016 17:37:59.908	103.32650522	2.03008833	10.5	10.0	47.0	105.1	0.11252748	-0.6835446	9.931149	0.033809364	613.0	13.3333339691	37.7999992371	9.803921699523926	95.0	0.033809363842	Straight Road
242	Tue Nov 01 17:38:01 GMT+08:00 2016	01-Nov-2016 17:38:00.909	103.32658716	2.03005294	9.75	11.0	49.0	109.4	-0.30765492	-0.8218097	10.14124	0.056628287	571.25	14.9019613266	35.0999984741	9.803921699523926	95.0	0.0566282868385	Straight Road
243	Tue Nov 01 17:38:02 GMT+08:00 2016	01-Nov-2016 17:38:01.909	103.32662364	2.03004301	7.25	12.0	51.0	110.0	-0.207697	0.10295067	10.805033	0.12068385	650.5	24.7058830261	26.0999984741	9.803921699523926	95.0	0.120683848858	Intersection
244	Tue Nov 01 17:38:03 GMT+08:00 2016	01-Nov-2016 17:38:02.907	103.32663883	2.03004636	4.75	10.0	52.0	110.6	0.31902736	0.427365	9.691729	0.008438349	789.75	20.392156601	17.1000003815	9.803921699523926	95.0	0.00843834877014	Intersection
245	Tue Nov 01 17:38:04 GMT+08:00 2016	01-Nov-2016 17:38:03.907	103.32665966	2.03002799	4.0	11.0	53.0	111.3	0.50397944	0.44951138	9.894038	0.029913127	808.75	20.7843132019	14.3999996185	9.803921699523926	95.0	0.0299131274223	Intersection
246	Tue Nov 01 17:38:05 GMT+08:00 2016	01-Nov-2016 17:38:04.910	103.32671172	2.0299993	4.25	11.0	54.0	114.7	0.18854338	0.36511576	9.689334	0.0075874925	737.5	21.5686283112	15.2999992371	9.803921699523926	95.0	0.00758749246597	Intersection
247	Tue Nov 01 17:38:06 GMT+08:00 2016	01-Nov-2016 17:38:05.907	103.32672476	2.02999928	3.5	12.0	54.0	110.3	0.1400608	0.60333884	9.654019	0.005123079	656.0	24.7058830261	12.5999994278	9.803921699523926	95.0	0.00512307882309	Intersection
248	Tue Nov 01 17:38:07 GMT+08:00 2016	01-Nov-2016 17:38:06.907	103.326724	2.02998957	2.5	12.0	53.0	118.2	0.0005985504	0.700304	9.469068	-0.013117433	681.0	24.7058830261	9.0	9.803921699523926	95.0	-0.0131174325943	Intersection
249	Tue Nov 01 17:38:08 GMT+08:00 2016	01-Nov-2016 17:38:07.907	103.32670547	2.02999509	1.0	12.0	53.0	126.7	0.24839842	1.0163386	9.9473095	0.038590252	684.0	24.3137264252	3.59999990463	9.803921699523926	95.0	0.0385902523994	Intersection
250	Tue Nov 01 17:38:09 GMT+08:00 2016	01-Nov-2016 17:38:08.908	103.32670651	2.02998053	1.0	12.0	53.0	148.4	0.022744916	0.8750807	9.57561	-0.0008227825	684.5	24.3137264252	3.59999990463	9.803921699523926	95.0	-0.000822782516479	Intersection
251	Tue Nov 01 17:38:10 GMT+08:00 2016	01-Nov-2016 17:38:09.911	103.32671813	2.02999305	0.5	13.0	55.0	148.4	0.20530279	3.6978445	9.200318	0.02998513	690.0	24.7058830261	1.79999995232	20.784313201904297	96.0	0.0299851298332	Intersection
252	Tue Nov 01 17:38:11 GMT+08:00 2016	01-Nov-2016 17:38:10.907	103.32673917	2.0299987	1.0	13.0	54.0	92.4	0.49440265	2.2062569	10.007763	0.06487018	1464.75	43.1372566223	3.59999990463	16.47058868408203	96.0	0.0648701786995	Intersection
253	Tue Nov 01 17:38:12 GMT+08:00 2016	01-Nov-2016 17:38:11.908	103.32662961	2.02991411	3.25	13.0	54.0	218.7	0.7374141	3.0214825	9.574412	0.045187652	1568.25	60.3921585083	11.6999998093	23.92156982421875	96.0	0.0451876521111	Intersection
254	Tue Nov 01 17:38:13 GMT+08:00 2016	01-Nov-2016 17:38:12.907	103.32668154	2.02990507	2.75	11.0	56.0	144.7	1.3389573	1.9231426	9.843162	0.05042261	1828.5	60.0	9.89999961853	23.92156982421875	96.0	0.0504226088524	Intersection
255	Tue Nov 01 17:38:14 GMT+08:00 2016	01-Nov-2016 17:38:13.908	103.32670713	2.02988355	3.0	11.0	57.0	155.9	0.80804306	1.7435774	9.384672	-0.004505813	1909.75	58.4313735962	10.7999992371	24.3137264251709	96.0	-0.0045058131218	Intersection
256	Tue Nov 01 17:38:15 GMT+08:00 2016	01-Nov-2016 17:38:14.907	103.32673094	2.02986528	3.0	11.0	57.0	154.1	1.0648212	2.2744915	9.779716	0.04825872	2161.5	56.4705886841	10.7999992371	25.098039627075195	96.0	0.0482587218285	Intersection
257	Tue Nov 01 17:38:16 GMT+08:00 2016	01-Nov-2016 17:38:15.907	103.32674561	2.02983294	3.75	10.0	56.0	170.8	0.077213004	1.9812019	9.4295635	0.0012380481	2631.25	57.254901886	13.5	25.882352828979492	96.0	0.00123804807663	Intersection
258	Tue Nov 01 17:38:17 GMT+08:00 2016	01-Nov-2016 17:38:16.909	103.32672757	2.02977852	7.5	10.0	57.0	196.4	0.09636662	1.7340006	9.983223	0.051941097	1932.5	61.5686302185	27.0	26.666667938232422	96.0	0.0519410967827	Straight Road
259	Tue Nov 01 17:38:18 GMT+08:00 2016	01-Nov-2016 17:38:17.908	103.32672061	2.02973283	7.25	11.0	55.0	197.1	0.21428105	1.6208745	9.41041	-0.0073623657	2002.25	61.1764717102	26.0999984741	27.45098114013672	96.0	-0.00736236572266	Straight Road
260	Tue Nov 01 17:38:19 GMT+08:00 2016	01-Nov-2016 17:38:18.908	103.32667927	2.02964538	9.25	10.0	55.0	201.3	0.17896658	1.1671734	9.355343	-0.01978004	2218.0	61.9607849121	33.2999992371	27.45098114013672	95.0	-0.0197800397873	Straight Road
261	Tue Nov 01 17:38:20 GMT+08:00 2016	01-Nov-2016 17:38:19.907	103.32662919	2.02956319	10.0	11.0	54.0	205.3	-0.1364695	0.6703765	9.127894	-0.047922015	2339.5	55.6862754822	36.0	19.60784339904785	95.0	-0.0479220151901	Straight Road
262	Tue Nov 01 17:38:21 GMT+08:00 2016	01-Nov-2016 17:38:20.907	103.32658734	2.02948455	10.25	12.0	53.0	207.9	0.1592144	1.0001777	10.3226	0.07630509	2366.0	32.5490188599	36.8999977112	18.039215087890625	96.0	0.0763050913811	Straight Road
263	Tue Nov 01 17:38:22 GMT+08:00 2016	01-Nov-2016 17:38:21.908	103.32653805	2.02942446	9.75	13.0	53.0	212.2	-0.12030864	-0.026934769	10.351331	0.07425636	1677.0	23.9215698242	35.0999984741	16.47058868408203	96.0	0.0742563605309	Straight Road
264	Tue Nov 01 17:38:23 GMT+08:00 2016	01-Nov-2016 17:38:22.911	103.3265189	2.02928532	12.25	13.0	52.0	203.2	0.0664391	-0.10414778	9.838373	0.021971285	1681.5	20.0	44.0999984741	12.549019813537598	96.0	0.0219712853432	Straight Road
265	Tue Nov 01 17:38:24 GMT+08:00 2016	01-Nov-2016 17:38:23.920	103.32648008	2.02916946	13.0	12.0	52.0	202.3	0.13467385	0.45908818	9.59177	-0.0020301342	1212.75	8.62745094299	46.7999992371	10.196078300476074	96.0	-0.00203013420105	Straight Road
266	Tue Nov 01 17:38:25 GMT+08:00 2016	01-Nov-2016 17:38:24.909	103.32643816	2.02904191	13.5	12.0	52.0	201.8	-0.13227965	0.25258827	9.581595	-0.0038505197	1045.0	9.80392169952	48.5999984741	9.803921699523926	96.0	-0.00385051965714	Straight Road
267	Tue Nov 01 17:38:26 GMT+08:00 2016	01-Nov-2016 17:38:25.907	103.32638955	2.02891488	13.75	12.0	53.0	202.2	-0.088585466	0.59974754	9.314642	-0.029486239	1198.5	8.23529434204	49.5	9.803921699523926	96.0	-0.0294862389565	Straight Road
268	Tue Nov 01 17:38:27 GMT+08:00 2016	01-Nov-2016 17:38:26.911	103.32635859	2.02879639	13.75	11.0	51.0	203.3	-0.20829555	0.34955344	9.861717	0.025127232	1199.5	8.62745094299	49.5	9.803921699523926	96.0	0.00868064165115	Straight Road
269	Tue Nov 01 17:38:28 GMT+08:00 2016	01-Nov-2016 17:38:27.907	103.3262758	2.02869524	14.0	12.0	51.0	207.1	-0.04309563	-0.24959552	10.071808	0.04601246	1193.0	8.62745094299	50.3999977112	9.803921699523926	96.0	0.0460124611855	Straight Road
270	Tue Nov 01 17:38:29 GMT+08:00 2016	01-Nov-2016 17:38:28.907	103.32623292	2.0285691	14.0	12.0	52.0	204.4	-0.2705448	0.31304187	10.052056	0.044542015	1170.5	8.62745094299	50.3999977112	9.803921699523926	96.0	0.0445420145988	Straight Road
271	Tue Nov 01 17:38:30 GMT+08:00 2016	01-Nov-2016 17:38:29.906	103.32620706	2.02844817	13.5	13.0	55.0	201.2	0.36511576	0.44831428	9.902418	0.030139983	1160.5	9.41176509857	48.5999984741	10.196078300476074	96.0	0.0301399827003	Straight Road
272	Tue Nov 01 17:38:31 GMT+08:00 2016	01-Nov-2016 17:38:30.907	103.32615327	2.02833176	13.75	13.0	59.0	202.4	-0.95109665	0.33159694	9.721058	0.015238583	1139.75	9.41176509857	49.5	10.196078300476074	96.0	0.0152385830879	Straight Road
273	Tue Nov 01 17:38:32 GMT+08:00 2016	01-Nov-2016 17:38:31.910	103.32606821	2.02819877	14.75	13.0	58.0	204.5	0.3657143	-0.23882163	9.928755	0.032084286	1083.0	9.80392169952	53.0999984741	10.196078300476074	96.0	0.0320842862129	Straight Road
274	Tue Nov 01 17:38:33 GMT+08:00 2016	01-Nov-2016 17:38:32.908	103.32601948	2.02810828	13.5	13.0	55.0	205.1	0.13227965	0.1448492	10.5680065	0.09645432	1050.75	9.41176509857	48.5999984741	9.803921699523926	96.0	0.0964543223381	Straight Road
275	Tue Nov 01 17:38:34 GMT+08:00 2016	01-Nov-2016 17:38:33.907	103.32595785	2.02803308	12.5	12.0	54.0	209.0	-0.16160862	-0.33399114	9.033921	-0.059334636	865.25	15.6862745285	45.0	9.803921699523926	96.0	-0.0593346357346	Straight Road
276	Tue Nov 01 17:38:35 GMT+08:00 2016	01-Nov-2016 17:38:34.907	103.32587387	2.02794818	12.5	12.0	52.0	213.1	0.49559975	-1.0354922	9.188946	-0.037026823	953.5	17.254901886	45.0	9.803921699523926	96.0	-0.037026822567	Straight Road
277	Tue Nov 01 17:38:36 GMT+08:00 2016	01-Nov-2016 17:38:35.908	103.32580992	2.02788624	11.25	11.0	54.0	211.9	0.23223756	-1.335366	10.316615	0.079680026	887.5	18.0392150879	40.5	9.803921699523926	96.0	0.0796800255775	Straight Road
278	Tue Nov 01 17:38:37 GMT+08:00 2016	01-Nov-2016 17:38:36.907	103.3257636	2.0278186	9.75	10.0	55.0	212.2	0.12270284	-1.1288661	9.630077	0.0074599385	729.5	20.392156601	35.0999984741	9.803921699523926	96.0	0.00745993852615	Straight Road
279	Tue Nov 01 17:38:38 GMT+08:00 2016	01-Nov-2016 17:38:37.907	103.32573488	2.02774566	8.25	10.0	55.0	211.7	0.12330139	0.24540567	9.98442	0.037164748	663.5	24.3137264252	29.6999988556	9.803921699523926	96.0	0.037164747715	Straight Road
280	Tue Nov 01 17:38:39 GMT+08:00 2016	01-Nov-2016 17:38:38.912	103.32571348	2.02770996	6.75	10.0	55.0	214.0	0.035314474	-0.39145198	9.546879	-0.0069974065	639.75	22.745098114	24.2999992371	9.803921699523926	96.0	-0.0069974064827	Straight Road
281	Tue Nov 01 17:38:40 GMT+08:00 2016	01-Nov-2016 17:38:39.907	103.32568534	2.02766039	6.0	10.0	55.0	213.5	0.0017956513	-1.4155718	9.590573	0.007224202	663.25	24.7058830261	21.5999984741	9.803921699523926	96.0	0.00722420215607	Straight Road
282	Tue Nov 01 17:38:41 GMT+08:00 2016	01-Nov-2016 17:38:40.907	103.32565113	2.02762028	5.0	9.0	54.0	214.7	0.015562311	-1.1695676	9.660006	0.010902286	915.75	18.4313735962	18.0	9.803921699523926	96.0	0.0109022855759	Straight Road
283	Tue Nov 01 17:38:42 GMT+08:00 2016	01-Nov-2016 17:38:41.906	103.32562375	2.02759362	4.0	10.0	53.0	215.5	0.22804771	1.0067618	9.792285	0.022725046	685.5	26.6666679382	14.3999996185	9.803921699523926	96.0	0.022725045681	Straight Road
284	Tue Nov 01 17:38:43 GMT+08:00 2016	01-Nov-2016 17:38:42.908	103.32562708	2.02759397	1.25	9.0	52.0	216.1	0.05925649	0.8265981	9.634866	0.0047736764	671.25	25.882352829	4.5	9.803921699523926	96.0	0.00477367639542	Straight Road
285	Tue Nov 01 17:38:44 GMT+08:00 2016	01-Nov-2016 17:38:43.912	103.32562282	2.02758932	0.75	9.0	53.0	216.1	0.7691373	1.4748282	9.485229	0.0006479025	755.25	29.4117660522	2.69999980927	14.117647171020508	96.0	0.000647902488708	Straight Road
286	Tue Nov 01 17:38:45 GMT+08:00 2016	01-Nov-2016 17:38:44.918	103.32562155	2.02758773	0.75	10.0	52.0	216.1	1.3239936	1.3844471	9.554062	0.012294173	1093.75	50.1960792542	2.69999980927	17.254901885986328	96.0	0.0122941732407	Straight Road
287	Tue Nov 01 17:38:46 GMT+08:00 2016	01-Nov-2016 17:38:45.909	103.32562514	2.02758564	0.5	11.0	53.0	216.1	1.1791444	-0.06943185	9.64145	0.009166598	1093.5	25.0980396271	1.79999995232	12.549019813537598	96.0	0.00916659832001	Straight Road
288	Tue Nov 01 17:38:47 GMT+08:00 2016	01-Nov-2016 17:38:46.908	103.3255933	2.02757178	2.5	11.0	54.0	260.5	0.22146365	-0.092775315	9.52593	-0.00964874	1026.0	17.254901886	9.0	9.803921699523926	96.0	-0.0096487402916	Straight Road
