GPS Time, Device Time, Longitude, Latitude,GPS Speed (Meters/second), Horizontal Dilution of Precision, Altitude, Bearing, G(x), G(y), G(z), G(calibrated),Engine RPM(rpm),Engine Load(%),Speed (GPS)(km/h),Throttle Position(Manifold)(%),Engine Coolant Temperature(Â°C),Acceleration Sensor(Total)(g)
Tue Nov 01 17:40:47 GMT+08:00 2016,01-Nov-2016 17:40:46.806,103.32549315,2.02762708,0.0,10.0,53.0,0.0,-0.06943185,0.79846627,9.648034,0.005877316,746.0,16.078432083129883,0.0,9.803921699523926,96.0,0.005877315998077393
Tue Nov 01 17:40:48 GMT+08:00 2016,01-Nov-2016 17:40:47.808,103.32549317,2.02762707,0.0,11.0,53.0,0.0,0.02633622,0.93134445,9.664195,0.0087047815,749.0,16.078432083129883,0.0,9.803921699523926,96.0,0.008704781532287598
Tue Nov 01 17:40:49 GMT+08:00 2016,01-Nov-2016 17:40:48.804,103.32549318,2.02762706,0.0,11.0,53.0,0.0,-0.21308395,0.79008657,8.968679,-0.0629639,746.0,20.39215660095215,0.0,9.803921699523926,91.0,-0.06296390295028687
Tue Nov 01 17:40:50 GMT+08:00 2016,01-Nov-2016 17:40:49.809,103.32549322,2.02762704,0.0,11.0,53.0,0.0,-0.074220255,0.85413146,9.686341,0.0102548,750.75,20.0,0.0,9.803921699523926,91.0,0.01025480031967163
Tue Nov 01 17:40:51 GMT+08:00 2016,01-Nov-2016 17:40:50.804,103.32549325,2.02762702,0.0,11.0,53.0,0.0,0.023343466,0.83018947,9.733028,0.014759183,747.75,20.0,0.0,9.803921699523926,91.0,0.014759182929992676
Tue Nov 01 17:40:52 GMT+08:00 2016,01-Nov-2016 17:40:51.805,103.32549326,2.02762702,0.0,11.0,53.0,0.0,0.034715924,0.88645315,9.572019,-0.0010774732,754.75,20.0,0.0,9.803921699523926,91.0,-0.0010774731636047363
Tue Nov 01 17:40:53 GMT+08:00 2016,01-Nov-2016 17:40:52.804,103.32549327,2.02762703,0.0,11.0,53.0,0.0,0.010175358,0.86969376,9.771336,0.018996656,746.25,25.490196228027344,0.0,9.803921699523926,91.0,0.01899665594100952
Tue Nov 01 17:40:54 GMT+08:00 2016,01-Nov-2016 17:40:53.804,103.32549331,2.02762704,0.0,11.0,53.0,0.0,0.12509704,0.83378077,9.533711,-0.005371213,789.25,34.509803771972656,0.0,9.803921699523926,91.0,-0.005371212959289551
Tue Nov 01 17:40:55 GMT+08:00 2016,01-Nov-2016 17:40:54.806,103.32549334,2.02762703,0.0,11.0,53.0,0.0,0.0077811554,0.6572084,9.455301,-0.014831126,688.25,24.705883026123047,0.0,9.803921699523926,91.0,-0.014831125736236572
Tue Nov 01 17:40:56 GMT+08:00 2016,01-Nov-2016 17:40:55.804,103.32549335,2.02762701,0.0,11.0,53.0,0.0,0.027533319,1.2282255,9.376292,-0.017041385,857.25,30.19607925415039,0.0,9.803921699523926,91.0,-0.017041385173797607
Tue Nov 01 17:40:57 GMT+08:00 2016,01-Nov-2016 17:40:56.804,103.32549336,2.027627,0.0,11.0,53.0,0.0,1.0749966,0.7757214,10.241198,0.07166451,836.5,28.235294342041016,0.0,9.803921699523926,91.0,0.07166451215744019
Tue Nov 01 17:40:58 GMT+08:00 2016,01-Nov-2016 17:40:57.805,103.32549334,2.02762701,0.0,11.0,53.0,0.0,-0.19273324,1.3359646,9.615712,0.008805037,894.25,32.54901885986328,0.0,9.803921699523926,91.0,0.008805036544799805
Tue Nov 01 17:40:59 GMT+08:00 2016,01-Nov-2016 17:40:58.804,103.32549334,2.027627,0.0,11.0,53.0,0.0,0.66139823,0.9379285,9.587581,0.0033044815,729.25,26.666667938232422,0.0,9.803921699523926,91.0,0.0033044815063476563
Tue Nov 01 17:41:00 GMT+08:00 2016,01-Nov-2016 17:40:59.805,103.32549334,2.02762699,0.0,11.0,53.0,0.0,5.985504E-4,1.3820529,9.76954,0.024791181,724.0,25.490196228027344,0.0,9.803921699523926,91.0,0.024791181087493896
Tue Nov 01 17:41:01 GMT+08:00 2016,01-Nov-2016 17:41:00.804,103.32549333,2.02762697,0.0,11.0,53.0,0.0,-0.094570965,0.90261406,9.783307,0.020560801,734.25,25.098039627075195,0.0,9.803921699523926,91.0,0.020560801029205322
Tue Nov 01 17:41:02 GMT+08:00 2016,01-Nov-2016 17:41:01.829,103.32549335,2.02762697,0.0,11.0,53.0,0.0,-0.12030864,1.264737,9.657611,0.01705414,741.5,31.764705657958984,0.0,9.803921699523926,91.0,0.01705414056777954
Tue Nov 01 17:41:03 GMT+08:00 2016,01-Nov-2016 17:41:02.804,103.32549335,2.02762697,0.0,11.0,53.0,0.0,-0.0047884034,1.4945804,9.619903,0.011386573,856.25,30.19607925415039,0.0,9.803921699523926,91.0,0.011386573314666748
Tue Nov 01 17:41:04 GMT+08:00 2016,01-Nov-2016 17:41:03.804,103.32549334,2.02762698,0.0,10.0,53.0,0.0,0.108936176,1.210269,9.697116,0.015223861,840.75,30.980392456054688,0.0,9.803921699523926,91.0,0.015223860740661621
Tue Nov 01 17:41:05 GMT+08:00 2016,01-Nov-2016 17:41:04.806,103.32549221,2.02762722,0.0,11.0,53.0,0.0,0.29328972,1.9405005,9.374496,-0.0046777725,1023.5,34.11764907836914,0.0,12.549019813537598,91.0,-0.004677772521972656
Tue Nov 01 17:41:06 GMT+08:00 2016,01-Nov-2016 17:41:05.805,103.32549676,2.0276205,0.25,11.0,53.0,302.8,1.0905589,1.5933412,9.518148,0.009011507,1134.25,38.82352828979492,0.8999999761581421,14.117647171020508,91.0,0.009011507034301758
Tue Nov 01 17:41:07 GMT+08:00 2016,01-Nov-2016 17:41:06.820,103.32550705,2.02761953,0.5,11.0,58.0,302.8,1.3215994,0.19093758,9.463681,-0.006746888,1093.75,29.411766052246094,1.7999999523162842,10.588235855102539,91.0,-0.006746888160705566
Tue Nov 01 17:41:08 GMT+08:00 2016,01-Nov-2016 17:41:07.804,103.32552201,2.02763079,1.75,11.0,56.0,45.9,1.4167689,0.82779527,9.61691,0.013484418,863.0,30.19607925415039,6.299999713897705,9.803921699523926,91.0,0.013484418392181396
Tue Nov 01 17:41:09 GMT+08:00 2016,01-Nov-2016 17:41:08.804,103.32553091,2.02764823,2.0,11.0,56.0,32.8,0.110133275,-1.0217255,10.096947,0.05356747,868.75,29.803922653198242,7.199999809265137,9.803921699523926,91.0,0.053567469120025635
Tue Nov 01 17:41:10 GMT+08:00 2016,01-Nov-2016 17:41:09.806,103.32554399,2.02766551,2.0,11.0,57.0,35.0,-0.5243302,0.30406362,9.832388,0.023184717,871.25,29.411766052246094,7.199999809265137,9.803921699523926,91.0,0.02318471670150757
Tue Nov 01 17:41:11 GMT+08:00 2016,01-Nov-2016 17:41:10.807,103.3255613,2.02767644,2.0,11.0,60.0,43.4,0.110731825,1.1312603,9.588778,0.0032928586,893.0,29.019607543945313,7.199999809265137,9.803921699523926,91.0,0.003292858600616455
Tue Nov 01 17:41:12 GMT+08:00 2016,01-Nov-2016 17:41:11.815,103.32557971,2.02768926,2.0,11.0,59.0,52.0,0.047884032,1.3090298,9.680356,0.01477766,866.75,30.58823585510254,7.199999809265137,9.803921699523926,91.0,0.014777660369873047
Tue Nov 01 17:41:13 GMT+08:00 2016,01-Nov-2016 17:41:12.804,103.32560047,2.02769361,2.0,11.0,60.0,63.8,-0.52971715,1.4395138,9.527725,0.002731502,856.25,29.411766052246094,7.199999809265137,9.803921699523926,91.0,0.002731502056121826
Tue Nov 01 17:41:14 GMT+08:00 2016,01-Nov-2016 17:41:13.804,103.32561835,2.0276934,2.0,11.0,62.0,73.0,-1.9806033,0.4405331,9.415198,7.8850985E-4,877.5,29.019607543945313,7.199999809265137,9.803921699523926,91.0,7.885098457336426E-4
Tue Nov 01 17:41:15 GMT+08:00 2016,01-Nov-2016 17:41:14.804,103.32563303,2.02768867,2.0,11.0,63.0,88.0,-1.5903485,1.1522095,9.346365,-0.0074564815,1111.5,34.509803771972656,7.199999809265137,13.333333969116211,91.0,-0.007456481456756592
Tue Nov 01 17:41:16 GMT+08:00 2016,01-Nov-2016 17:41:15.804,103.32564895,2.0276908,1.75,11.0,61.0,83.1,-0.78170687,1.7609353,9.31105,-0.011755168,1369.5,40.39215850830078,6.299999713897705,13.72549057006836,91.0,-0.011755168437957764
Tue Nov 01 17:41:17 GMT+08:00 2016,01-Nov-2016 17:41:16.804,103.32566996,2.02769452,2.0,11.0,61.0,78.0,0.45370123,2.6204538,9.706094,0.044875562,1625.25,53.333335876464844,7.199999809265137,22.352941513061523,91.0,0.04487556219100952
Tue Nov 01 17:41:18 GMT+08:00 2016,01-Nov-2016 17:41:17.805,103.32568813,2.02770261,2.0,11.0,59.0,69.4,0.5446809,2.8072014,9.856929,0.01248765,2371.75,60.39215850830078,7.199999809265137,27.45098114013672,91.0,0.012487649917602539
Tue Nov 01 17:41:19 GMT+08:00 2016,01-Nov-2016 17:41:18.804,103.32570377,2.02771625,2.0,12.0,59.0,62.5,0.557849,2.397793,9.379285,0.0074799657,2939.25,60.39215850830078,7.199999809265137,27.45098114013672,91.0,0.007479965686798096
Tue Nov 01 17:41:20 GMT+08:00 2016,01-Nov-2016 17:41:19.805,103.3257251,2.02775037,3.25,12.0,59.0,46.6,-0.21667525,2.055422,9.768942,0.036857784,2119.5,66.2745132446289,11.699999809265137,27.843137741088867,91.0,0.036857783794403076
Tue Nov 01 17:41:21 GMT+08:00 2016,01-Nov-2016 17:41:20.805,103.32574203,2.02782065,5.5,11.0,56.0,28.5,-0.533907,1.3676877,10.5045595,0.10020965,2324.25,63.13725662231445,19.799999237060547,27.843137741088867,91.0,0.10020965337753296
Tue Nov 01 17:41:22 GMT+08:00 2016,01-Nov-2016 17:41:21.804,103.3257722,2.02800164,6.75,12.0,57.0,25.5,-0.046088383,1.6962919,9.607333,0.013499796,2466.5,62.74509811401367,24.299999237060547,25.098039627075195,91.0,0.013499796390533447
Tue Nov 01 17:41:23 GMT+08:00 2016,01-Nov-2016 17:41:22.806,103.32581273,2.02808613,7.75,12.0,56.0,26.4,0.02633622,1.8477252,9.1751795,-0.026930988,2493.75,54.509803771972656,27.899999618530273,24.3137264251709,91.0,-0.02693098783493042
Tue Nov 01 17:41:24 GMT+08:00 2016,01-Nov-2016 17:41:23.804,103.32589309,2.02817874,9.25,13.0,54.0,32.8,1.0043676,1.6238673,10.132261,0.0700292,1952.25,59.2156867980957,33.29999923706055,24.705883026123047,91.0,0.07002919912338257
Tue Nov 01 17:41:25 GMT+08:00 2016,01-Nov-2016 17:41:24.805,103.32597387,2.02833508,13.75,11.0,52.0,27.1,0.670975,1.3257892,10.289082,0.078716815,2005.25,58.82353210449219,49.5,24.705883026123047,91.0,0.07871681451797485
Tue Nov 01 17:41:26 GMT+08:00 2016,01-Nov-2016 17:41:25.804,103.32603644,2.02847414,14.5,11.0,52.0,25.7,0.93254155,1.809418,9.833585,0.042655647,2050.0,56.47058868408203,52.19999694824219,24.705883026123047,91.0,0.04265564680099487
Tue Nov 01 17:41:27 GMT+08:00 2016,01-Nov-2016 17:41:26.806,103.32608584,2.02861539,15.5,11.0,50.0,26.5,0.5883751,1.453879,9.71986,0.02262777,2035.5,50.19607925415039,55.79999923706055,23.52941131591797,91.0,0.02262777090072632
Tue Nov 01 17:41:28 GMT+08:00 2016,01-Nov-2016 17:41:27.807,103.32614862,2.02873731,15.5,11.0,50.0,25.0,-0.049081136,1.5759833,10.288484,0.08001965,2092.75,57.64706039428711,55.79999923706055,24.705883026123047,91.0,0.08001965284347534
Tue Nov 01 17:41:29 GMT+08:00 2016,01-Nov-2016 17:41:28.808,103.32621729,2.02886169,15.5,12.0,50.0,25.4,-0.85413146,1.5556326,8.887876,-0.057113647,2115.0,57.25490188598633,55.79999923706055,24.705883026123047,91.0,-0.0571136474609375
Tue Nov 01 17:41:30 GMT+08:00 2016,01-Nov-2016 17:41:29.806,103.32626177,2.02895371,14.5,13.0,50.0,24.8,0.3800795,1.5448587,9.491214,1.66893E-6,2147.5,57.64706039428711,52.19999694824219,24.705883026123047,91.0,1.6689300537109375E-6
Tue Nov 01 17:41:31 GMT+08:00 2016,01-Nov-2016 17:41:30.804,103.326334,2.02910221,16.0,10.0,51.0,23.1,0.87927055,1.5993267,10.955269,0.15113598,2159.75,56.86274719238281,57.599998474121094,24.705883026123047,91.0,0.15113598108291626
Tue Nov 01 17:41:32 GMT+08:00 2016,01-Nov-2016 17:41:31.804,103.32638596,2.02923884,16.0,10.0,51.0,24.6,-0.11611878,0.6290765,10.017939,0.042276442,2053.25,20.0,57.599998474121094,13.72549057006836,91.0,0.04227644205093384
Tue Nov 01 17:41:33 GMT+08:00 2016,01-Nov-2016 17:41:32.805,103.32645303,2.02937418,16.25,11.0,51.0,24.8,-0.427365,0.6913257,9.217078,-0.03779483,1451.75,23.13725471496582,58.5,13.333333969116211,91.0,-0.03779482841491699
Tue Nov 01 17:41:34 GMT+08:00 2016,01-Nov-2016 17:41:33.804,103.32655586,2.02950536,17.0,12.0,50.0,29.0,0.39324763,0.66259533,9.385271,-0.021076918,1430.75,21.568628311157227,61.19999694824219,12.941176414489746,91.0,-0.02107691764831543
Tue Nov 01 17:41:35 GMT+08:00 2016,01-Nov-2016 17:41:34.804,103.32657475,2.02959725,14.5,12.0,48.0,24.2,-0.08559271,0.7086837,8.772954,-0.0837577,1428.0,20.0,52.19999694824219,12.941176414489746,91.0,-0.08375769853591919
Tue Nov 01 17:41:36 GMT+08:00 2016,01-Nov-2016 17:41:35.806,103.32661961,2.02972042,14.5,13.0,47.0,23.4,-0.4950012,0.6266823,9.542689,-0.00484848,1437.5,15.686274528503418,52.19999694824219,13.333333969116211,91.0,-0.004848480224609375
Tue Nov 01 17:41:37 GMT+08:00 2016,01-Nov-2016 17:41:36.805,103.3266811,2.0298436,14.75,14.0,46.0,24.5,0.45669398,0.2837129,10.046669,0.044590652,1332.75,12.941176414489746,53.099998474121094,10.196078300476074,91.0,0.044590651988983154
Tue Nov 01 17:41:38 GMT+08:00 2016,01-Nov-2016 17:41:37.804,103.32672653,2.0299685,14.75,13.0,46.0,23.4,0.55126494,0.25677812,10.387244,0.07965547,1379.75,11.372549057006836,53.099998474121094,9.803921699523926,91.0,0.0796554684638977
Tue Nov 01 17:41:39 GMT+08:00 2016,01-Nov-2016 17:41:38.805,103.32681404,2.03005262,14.0,13.0,46.0,27.1,0.3357868,0.29209262,10.406996,0.08082539,1366.0,8.235294342041016,50.39999771118164,9.803921699523926,91.0,0.08082538843154907
Tue Nov 01 17:41:40 GMT+08:00 2016,01-Nov-2016 17:41:39.806,103.32686367,2.03019735,15.5,11.0,48.0,20.1,0.2681506,0.11133038,9.972448,0.03599018,1305.5,8.235294342041016,55.79999923706055,9.803921699523926,91.0,0.03599017858505249
Tue Nov 01 17:41:41 GMT+08:00 2016,01-Nov-2016 17:41:40.806,103.32691992,2.03034123,15.25,11.0,48.0,19.1,-0.5710171,0.54288524,9.961675,0.037632406,1248.25,8.627450942993164,54.89999771118164,9.803921699523926,91.0,0.03763240575790405
Tue Nov 01 17:41:42 GMT+08:00 2016,01-Nov-2016 17:41:41.805,103.32695802,2.03046408,14.25,10.0,47.0,18.3,-0.46028528,0.4997896,9.8677025,0.027263701,1188.5,9.019607543945313,51.29999923706055,9.803921699523926,91.0,0.02726370096206665
Tue Nov 01 17:41:43 GMT+08:00 2016,01-Nov-2016 17:41:42.809,103.32699613,2.03058482,13.75,10.0,49.0,17.4,0.026934769,0.4985925,9.1512375,-0.046764612,1107.5,9.019607543945313,49.5,9.803921699523926,91.0,-0.04676461219787598
Tue Nov 01 17:41:44 GMT+08:00 2016,01-Nov-2016 17:41:43.805,103.3270312,2.03069922,13.25,10.0,48.0,16.5,-0.050278235,0.41180268,9.514558,-0.010194957,1083.25,9.411765098571777,47.69999694824219,9.803921699523926,91.0,-0.010194957256317139
Tue Nov 01 17:41:45 GMT+08:00 2016,01-Nov-2016 17:41:44.806,103.32705738,2.03082558,13.0,10.0,48.0,16.0,0.089184016,-0.4369418,8.590994,-0.104082584,1042.5,14.901961326599121,46.79999923706055,9.803921699523926,91.0,-0.10408258438110352
Tue Nov 01 17:41:46 GMT+08:00 2016,01-Nov-2016 17:41:45.803,103.32708481,2.03095164,12.75,10.0,52.0,15.9,-0.008379706,0.95229375,9.444528,-0.0133731365,921.25,16.078432083129883,45.89999771118164,9.803921699523926,91.0,-0.013373136520385742
Tue Nov 01 17:41:47 GMT+08:00 2016,01-Nov-2016 17:41:46.804,103.32711577,2.0310542,12.5,10.0,51.0,15.6,0.7308301,0.82480246,9.843162,0.028649032,945.5,16.47058868408203,45.0,9.803921699523926,91.0,0.02864903211593628
Tue Nov 01 17:41:48 GMT+08:00 2016,01-Nov-2016 17:41:47.804,103.32714086,2.03115886,12.25,10.0,49.0,15.1,0.22924481,1.0857705,9.6767645,0.011883318,1218.5,28.235294342041016,44.099998474121094,14.509803771972656,91.0,0.011883318424224854
Tue Nov 01 17:41:49 GMT+08:00 2016,01-Nov-2016 17:41:48.805,103.3271641,2.03124624,12.25,10.0,47.0,14.5,0.035314474,0.8948329,10.418967,0.08499211,1345.5,37.64706039428711,44.099998474121094,15.686274528503418,91.0,0.08499211072921753
Tue Nov 01 17:41:50 GMT+08:00 2016,01-Nov-2016 17:41:49.805,103.32718375,2.031367,12.75,10.0,47.0,13.6,0.015562311,0.7015011,9.689334,0.009286106,1230.25,26.27450942993164,45.89999771118164,9.803921699523926,91.0,0.009286105632781982
Tue Nov 01 17:41:51 GMT+08:00 2016,01-Nov-2016 17:41:50.804,103.3272118,2.03149999,13.5,10.0,47.0,12.0,-0.20709845,0.017357962,8.999206,-0.063405275,1057.0,14.509803771972656,48.599998474121094,9.803921699523926,90.0,-0.06340527534484863
Tue Nov 01 17:41:52 GMT+08:00 2016,01-Nov-2016 17:41:51.804,103.32723934,2.03161197,13.25,10.0,48.0,12.0,0.08499416,0.19991584,9.449914,-0.038390458,1045.5,15.686274528503418,47.69999694824219,9.803921699523926,90.0,-0.03839045763015747
Tue Nov 01 17:41:53 GMT+08:00 2016,01-Nov-2016 17:41:52.811,103.32726305,2.03174715,13.75,11.0,47.0,11.5,-0.025737667,0.039504327,9.331401,-0.029774785,1020.75,16.078432083129883,49.5,9.803921699523926,90.0,-0.029774785041809082
Tue Nov 01 17:41:54 GMT+08:00 2016,01-Nov-2016 17:41:53.804,103.32727802,2.03183988,12.75,12.0,46.0,11.2,0.0047884034,-0.1352724,8.821436,-0.08166528,1009.75,15.686274528503418,45.89999771118164,9.803921699523926,90.0,-0.0816652774810791
Tue Nov 01 17:41:55 GMT+08:00 2016,01-Nov-2016 17:41:54.804,103.32730179,2.03198748,13.25,11.0,47.0,11.5,0.15143326,0.14185645,9.102157,-0.05291426,1002.5,16.078432083129883,47.69999694824219,9.803921699523926,90.0,-0.05291426181793213
Tue Nov 01 17:41:56 GMT+08:00 2016,01-Nov-2016 17:41:55.804,103.32733352,2.03210715,13.25,12.0,46.0,11.4,-0.50637364,-0.7248446,9.3182335,-0.026862383,983.75,16.078432083129883,47.69999694824219,9.803921699523926,90.0,-0.026862382888793945
Tue Nov 01 17:41:57 GMT+08:00 2016,01-Nov-2016 17:41:56.806,103.32735191,2.03218534,12.0,13.0,44.0,11.5,-0.7703344,-0.96306765,9.677363,0.0134574175,949.0,16.86274528503418,43.19999694824219,9.803921699523926,90.0,0.013457417488098145
Tue Nov 01 17:41:58 GMT+08:00 2016,01-Nov-2016 17:41:57.804,103.32737476,2.03233963,13.0,13.0,45.0,9.4,-0.3705027,-0.15562311,9.288904,-0.033233225,917.75,17.647058486938477,46.79999923706055,9.803921699523926,90.0,-0.03323322534561157
Tue Nov 01 17:41:59 GMT+08:00 2016,01-Nov-2016 17:41:58.808,103.32739745,2.0324425,12.25,14.0,45.0,9.4,-0.9032126,-0.8607155,10.382456,0.08496851,869.75,17.647058486938477,44.099998474121094,9.803921699523926,90.0,0.08496850728988647
Tue Nov 01 17:42:00 GMT+08:00 2016,01-Nov-2016 17:41:59.805,103.32741416,2.03253243,10.5,12.0,45.0,8.8,-0.85413146,-1.2485762,9.932944,0.043207943,846.25,18.431373596191406,37.79999923706055,9.803921699523926,90.0,0.04320794343948364
Tue Nov 01 17:42:01 GMT+08:00 2016,01-Nov-2016 17:42:00.808,103.32743525,2.03262254,10.0,12.0,43.0,5.4,-0.3429694,-1.7890673,9.3583355,-0.009136319,773.75,19.215686798095703,36.0,9.803921699523926,90.0,-0.009136319160461426
Tue Nov 01 17:42:02 GMT+08:00 2016,01-Nov-2016 17:42:01.807,103.32744174,2.03271278,9.5,12.0,44.0,4.5,-1.4395138,-2.0452468,9.519944,0.022363484,703.5,20.39215660095215,34.20000076293945,9.803921699523926,90.0,0.003835737705230713
Tue Nov 01 17:42:03 GMT+08:00 2016,01-Nov-2016 17:42:02.804,103.32742644,2.03279276,9.0,13.0,42.0,359.2,-1.0193313,-0.96306765,9.445126,-0.0076400638,666.25,23.52941131591797,32.39999771118164,9.803921699523926,90.0,-0.007640063762664795
Tue Nov 01 17:42:04 GMT+08:00 2016,01-Nov-2016 17:42:03.804,103.32740875,2.03284831,7.25,13.0,42.0,352.7,-1.3365631,-1.2814964,9.794081,0.035063207,655.25,23.92156982421875,26.099998474121094,9.803921699523926,90.0,0.035063207149505615
Tue Nov 01 17:42:05 GMT+08:00 2016,01-Nov-2016 17:42:04.806,103.32739201,2.03290627,6.75,14.0,42.0,350.8,-1.1504139,0.581791,10.44231,0.09153682,752.0,21.176471710205078,24.299999237060547,9.803921699523926,90.0,0.09153681993484497
Tue Nov 01 17:42:06 GMT+08:00 2016,01-Nov-2016 17:42:05.804,103.32736257,2.03297287,6.75,15.0,42.0,345.0,-1.323395,0.43514615,9.703101,0.01824528,781.25,40.0,24.299999237060547,14.509803771972656,90.0,0.018245279788970947
Tue Nov 01 17:42:07 GMT+08:00 2016,01-Nov-2016 17:42:06.804,103.32731402,2.03300506,6.25,13.0,40.0,325.0,-1.5382746,1.4766239,9.435549,0.0050839186,1721.0,53.72549057006836,22.5,21.176471710205078,90.0,0.005083918571472168
Tue Nov 01 17:42:08 GMT+08:00 2016,01-Nov-2016 17:42:07.805,103.32726873,2.03301206,6.0,13.0,39.0,317.4,-0.86729956,1.8710686,9.624092,0.02232045,1733.0,61.56863021850586,21.599998474121094,25.098039627075195,90.0,0.022320449352264404
Tue Nov 01 17:42:09 GMT+08:00 2016,01-Nov-2016 17:42:08.804,103.3272265,2.0329706,5.25,13.0,41.0,296.2,-1.1318588,1.7968484,9.512163,0.012510002,1885.75,63.13725662231445,18.899999618530273,25.490196228027344,90.0,0.01251000165939331
Tue Nov 01 17:42:10 GMT+08:00 2016,01-Nov-2016 17:42:09.805,103.32716428,2.03300827,6.0,14.0,39.0,298.4,-2.0590134,1.4550761,10.059238,0.07612461,1967.5,60.39215850830078,21.599998474121094,25.490196228027344,90.0,0.07612460851669312
Tue Nov 01 17:42:11 GMT+08:00 2016,01-Nov-2016 17:42:10.805,103.3270563,2.03308827,8.5,14.0,40.0,297.5,-0.84814596,2.1996727,9.490017,0.015785158,1943.0,60.39215850830078,30.599998474121094,25.490196228027344,90.0,0.015785157680511475
Tue Nov 01 17:42:12 GMT+08:00 2016,01-Nov-2016 17:42:11.804,103.32691739,2.03311914,11.25,11.0,39.0,288.2,-2.099715,1.7447745,9.560047,0.03247708,1950.0,60.39215850830078,40.5,25.490196228027344,90.0,0.03247708082199097
Tue Nov 01 17:42:13 GMT+08:00 2016,01-Nov-2016 17:42:12.804,103.32679135,2.03315711,11.5,11.0,39.0,285.8,-2.0578163,1.364695,9.010578,-0.028627038,1992.75,60.0,41.39999771118164,25.490196228027344,90.0,-0.02862703800201416
Tue Nov 01 17:42:14 GMT+08:00 2016,01-Nov-2016 17:42:13.807,103.32663785,2.03315476,13.25,10.0,39.0,273.9,-0.94092125,1.8531121,9.639056,0.024154484,2066.75,59.607845306396484,47.69999694824219,25.490196228027344,90.0,0.024154484272003174
Tue Nov 01 17:42:15 GMT+08:00 2016,01-Nov-2016 17:42:14.805,103.32650622,2.03314239,14.25,10.0,39.0,267.5,-0.7870938,1.4095862,9.066243,-0.042277694,2111.25,58.82353210449219,51.29999923706055,25.490196228027344,89.0,-0.04227769374847412
Tue Nov 01 17:42:16 GMT+08:00 2016,01-Nov-2016 17:42:15.806,103.32638917,2.03313117,14.0,11.0,40.0,267.0,-0.7978677,1.2731167,9.416395,-0.00898087,2090.0,58.431373596191406,50.39999771118164,20.39215660095215,89.0,-0.008980870246887207
Tue Nov 01 17:42:17 GMT+08:00 2016,01-Nov-2016 17:42:16.821,103.32624585,2.03311949,14.75,12.0,39.0,266.3,-1.6292542,1.1767502,8.506598,-0.08999181,1790.75,34.90196228027344,53.099998474121094,18.039215087890625,89.0,-0.08999180793762207
Tue Nov 01 17:42:18 GMT+08:00 2016,01-Nov-2016 17:42:17.804,103.32607945,2.03307242,17.0,11.0,40.0,259.7,-1.8507179,1.1049241,9.895236,0.05134195,1647.25,40.0,61.19999694824219,18.039215087890625,89.0,0.0513419508934021
Tue Nov 01 17:42:19 GMT+08:00 2016,01-Nov-2016 17:42:18.804,103.32592241,2.0330361,17.0,11.0,40.0,256.9,-0.9379285,1.1845313,9.449914,-0.005471289,1671.0,42.352943420410156,61.19999694824219,18.039215087890625,89.0,-0.005471289157867432
Tue Nov 01 17:42:20 GMT+08:00 2016,01-Nov-2016 17:42:19.804,103.32578298,2.03296661,17.0,11.0,41.0,252.0,-1.4167689,1.4688427,9.894637,0.048857152,1600.75,41.17647171020508,61.19999694824219,18.039215087890625,89.0,0.048857152462005615
Tue Nov 01 17:42:21 GMT+08:00 2016,01-Nov-2016 17:42:20.806,103.32564057,2.03289267,17.0,11.0,42.0,249.4,-0.52133745,1.8507179,10.784681,0.13569099,1593.25,41.960784912109375,61.19999694824219,18.039215087890625,89.0,0.13569098711013794
Tue Nov 01 17:42:22 GMT+08:00 2016,01-Nov-2016 17:42:21.804,103.32552284,2.03281863,16.25,12.0,41.0,245.5,-0.58119243,0.9175778,8.717288,-0.08551651,1610.0,43.92156982421875,58.5,18.039215087890625,90.0,-0.08551651239395142
Tue Nov 01 17:42:23 GMT+08:00 2016,01-Nov-2016 17:42:22.804,103.32540139,2.03272745,16.25,11.0,41.0,240.7,-0.8265981,1.9231426,9.077616,-0.031373262,1621.0,43.92156982421875,58.5,18.039215087890625,90.0,-0.03137326240539551
Tue Nov 01 17:42:24 GMT+08:00 2016,01-Nov-2016 17:42:23.806,103.32529174,2.03265304,16.0,12.0,42.0,238.8,0.34955344,1.2348095,9.20391,-0.033706605,1632.75,43.13725662231445,57.599998474121094,17.254901885986328,90.0,-0.033706605434417725
Tue Nov 01 17:42:25 GMT+08:00 2016,01-Nov-2016 17:42:24.804,103.32515903,2.03259764,16.0,12.0,42.0,241.1,-0.2088941,0.37349546,9.178771,-0.044329107,1607.5,20.0,57.599998474121094,12.941176414489746,90.0,-0.04432910680770874
Tue Nov 01 17:42:26 GMT+08:00 2016,01-Nov-2016 17:42:25.805,103.32500668,2.03246393,17.75,10.0,42.0,233.6,-0.33758244,0.6051345,9.308656,-0.03490603,1593.25,19.215686798095703,63.89999771118164,12.941176414489746,90.0,-0.03490602970123291
Tue Nov 01 17:42:27 GMT+08:00 2016,01-Nov-2016 17:42:26.804,103.32487925,2.03236513,17.75,11.0,43.0,232.9,0.6099229,0.8607155,9.415198,-0.015239418,1628.5,22.745098114013672,63.89999771118164,14.509803771972656,90.0,-0.015239417552947998
Tue Nov 01 17:42:28 GMT+08:00 2016,01-Nov-2016 17:42:27.804,103.32475642,2.03226472,17.75,10.0,42.0,233.9,0.8487445,0.93134445,8.752005,-0.07964957,1678.25,38.039215087890625,63.89999771118164,16.078432083129883,90.0,-0.07964956760406494
Tue Nov 01 17:42:29 GMT+08:00 2016,01-Nov-2016 17:42:28.804,103.32463072,2.03218202,18.0,10.0,41.0,235.8,1.2306197,0.9672575,10.169372,0.067840636,1704.5,38.431373596191406,64.79999542236328,17.254901885986328,90.0,0.06784063577651978
Tue Nov 01 17:42:30 GMT+08:00 2016,01-Nov-2016 17:42:29.805,103.32448192,2.03210029,17.75,10.0,40.0,241.0,0.078410104,1.073201,10.237606,0.06833762,1713.25,38.431373596191406,63.89999771118164,17.254901885986328,90.0,0.06833761930465698
Tue Nov 01 17:42:31 GMT+08:00 2016,01-Nov-2016 17:42:30.814,103.32434569,2.03204815,18.25,9.0,38.0,245.9,0.2765303,0.37708676,9.67856,0.0067522526,1656.0,39.607845306396484,65.69999694824219,17.254901885986328,90.0,0.0067522525787353516
Tue Nov 01 17:42:32 GMT+08:00 2016,01-Nov-2016 17:42:31.804,103.32418406,2.03199049,18.5,9.0,38.0,248.1,-0.05626374,1.2006922,9.777321,0.023172319,1676.5,38.82352828979492,66.5999984741211,17.254901885986328,90.0,0.023172318935394287
Tue Nov 01 17:42:33 GMT+08:00 2016,01-Nov-2016 17:42:32.810,103.32402806,2.03192803,18.5,9.0,38.0,249.9,0.07182605,1.0546459,10.269928,0.07141465,1700.5,38.82352828979492,66.5999984741211,17.254901885986328,90.0,0.07141464948654175
Tue Nov 01 17:42:34 GMT+08:00 2016,01-Nov-2016 17:42:33.806,103.32386583,2.03186729,18.75,9.0,38.0,251.2,-0.3357868,0.6159084,8.841787,-0.0768643,1650.5,19.215686798095703,67.5,12.549019813537598,90.0,-0.07686430215835571
Tue Nov 01 17:42:35 GMT+08:00 2016,01-Nov-2016 17:42:34.806,103.32371299,2.03181298,18.75,9.0,37.0,251.5,0.21787235,0.4201824,9.57142,-0.0041279793,1634.75,20.0,67.5,12.549019813537598,90.0,-0.004127979278564453
Tue Nov 01 17:42:36 GMT+08:00 2016,01-Nov-2016 17:42:35.805,103.3235619,2.03175284,18.75,9.0,37.0,251.4,-0.08140286,0.44831428,9.271546,-0.03474766,1626.75,19.60784339904785,67.5,12.549019813537598,90.0,-0.0347476601600647
Tue Nov 01 17:42:37 GMT+08:00 2016,01-Nov-2016 17:42:36.806,103.32340581,2.0316906,18.5,9.0,38.0,250.8,-0.5069722,0.8984242,9.65821,0.009126961,1609.75,20.0,66.5999984741211,12.549019813537598,90.0,0.00912696123123169
Tue Nov 01 17:42:38 GMT+08:00 2016,01-Nov-2016 17:42:37.811,103.32323936,2.03163328,18.5,10.0,38.0,250.8,0.53091425,0.50637364,10.489596,0.09088808,1590.0,11.372549057006836,66.5999984741211,9.803921699523926,90.0,0.09088808298110962
Tue Nov 01 17:42:39 GMT+08:00 2016,01-Nov-2016 17:42:38.804,103.32309607,2.03158475,17.75,10.0,38.0,250.5,-0.26635495,0.7015011,9.501988,-0.0093823075,1534.5,11.372549057006836,63.89999771118164,9.803921699523926,90.0,-0.009382307529449463
Tue Nov 01 17:42:40 GMT+08:00 2016,01-Nov-2016 17:42:39.805,103.32293773,2.03153687,17.75,10.0,37.0,250.5,-0.09696517,0.3369839,8.706514,-0.092766285,1495.0,11.764705657958984,63.89999771118164,9.803921699523926,90.0,-0.09276628494262695
Tue Nov 01 17:42:41 GMT+08:00 2016,01-Nov-2016 17:42:40.804,103.32278737,2.03148095,17.5,10.0,37.0,250.5,-0.062249243,0.45789108,9.933543,0.032688558,1488.75,8.235294342041016,63.0,9.803921699523926,90.0,0.03268855810165405
Tue Nov 01 17:42:42 GMT+08:00 2016,01-Nov-2016 17:42:41.804,103.32264682,2.03142948,16.75,10.0,38.0,251.1,-0.12808979,-0.5434838,9.01417,-0.060363233,1437.5,7.843137264251709,60.29999923706055,9.803921699523926,90.0,-0.06036323308944702
Tue Nov 01 17:42:43 GMT+08:00 2016,01-Nov-2016 17:42:42.804,103.32250767,2.03137682,16.0,10.0,38.0,251.2,-0.18794483,-0.005985504,9.568427,-0.0054368973,1299.0,8.235294342041016,57.599998474121094,9.803921699523926,90.0,-0.005436897277832031
Tue Nov 01 17:42:44 GMT+08:00 2016,01-Nov-2016 17:42:43.806,103.3223788,2.03132415,14.75,10.0,38.0,250.7,-0.17178397,-0.7918822,9.68275,0.009478629,1273.25,8.235294342041016,53.099998474121094,9.803921699523926,90.0,0.009478628635406494
Tue Nov 01 17:42:45 GMT+08:00 2016,01-Nov-2016 17:42:44.805,103.32226233,2.03128796,14.5,10.0,36.0,249.5,0.30047232,-0.25378537,9.065046,-0.056068897,1205.25,9.019607543945313,52.19999694824219,9.803921699523926,90.0,-0.05606889724731445
Tue Nov 01 17:42:46 GMT+08:00 2016,01-Nov-2016 17:42:45.804,103.32214323,2.0312417,13.5,10.0,38.0,248.8,-0.18076223,-1.4323312,9.408614,-0.0106909275,982.25,10.588235855102539,48.599998474121094,9.803921699523926,90.0,-0.010690927505493164
Tue Nov 01 17:42:47 GMT+08:00 2016,01-Nov-2016 17:42:46.806,103.32204489,2.0312001,12.25,10.0,38.0,248.3,0.11252748,-0.92655605,9.651626,0.007445574,837.5,12.15686321258545,44.099998474121094,9.803921699523926,90.0,0.007445573806762695
Tue Nov 01 17:42:48 GMT+08:00 2016,01-Nov-2016 17:42:47.805,103.32196668,2.03116642,10.0,10.0,39.0,247.2,-0.32680854,-0.7104794,9.656414,0.0065667033,648.75,10.980392456054688,36.0,9.803921699523926,90.0,0.0065667033195495605
Tue Nov 01 17:42:49 GMT+08:00 2016,01-Nov-2016 17:42:48.804,103.3219101,2.0311345,8.0,10.0,39.0,244.4,-1.4646529,-0.2621651,9.718064,0.021172464,585.5,14.509803771972656,28.799999237060547,9.803921699523926,90.0,0.02117246389389038
Tue Nov 01 17:42:50 GMT+08:00 2016,01-Nov-2016 17:42:49.806,103.3218623,2.03109333,6.75,9.0,39.0,235.6,-1.5717934,0.2789245,10.276512,0.07911831,678.5,19.60784339904785,24.299999237060547,9.803921699523926,90.0,0.07911831140518188
Tue Nov 01 17:42:51 GMT+08:00 2016,01-Nov-2016 17:42:50.805,103.32183412,2.03105903,6.25,10.0,36.0,230.6,-1.1546037,0.64942724,10.864887,0.13473362,774.0,19.60784339904785,22.5,9.803921699523926,90.0,0.13473361730575562
Tue Nov 01 17:42:52 GMT+08:00 2016,01-Nov-2016 17:42:51.805,103.32181403,2.03102392,5.0,11.0,36.0,220.6,-1.8555063,1.1270704,9.513959,0.013751686,1203.5,36.07843017578125,18.0,17.647058486938477,90.0,0.013751685619354248
Tue Nov 01 17:42:53 GMT+08:00 2016,01-Nov-2016 17:42:52.815,103.32182769,2.0309869,5.0,10.0,34.0,194.7,-1.2695254,2.236783,9.831789,0.05494553,1767.25,44.70588302612305,18.0,21.176471710205078,90.0,0.048869311809539795
Tue Nov 01 17:42:54 GMT+08:00 2016,01-Nov-2016 17:42:53.805,103.32183503,2.03091096,6.25,10.0,34.0,170.8,-0.84216046,1.407192,9.156625,-0.032751083,1802.25,57.25490188598633,22.5,22.745098114013672,90.0,-0.03275108337402344
Tue Nov 01 17:42:55 GMT+08:00 2016,01-Nov-2016 17:42:54.806,103.32183625,2.03084556,6.25,11.0,34.0,172.1,-0.0664391,1.2144588,9.750985,0.020686805,1584.0,54.509803771972656,22.5,19.215686798095703,90.0,0.020686805248260498
Tue Nov 01 17:42:56 GMT+08:00 2016,01-Nov-2016 17:42:55.804,103.32185704,2.03077239,7.25,12.0,36.0,168.5,0.40402153,0.56922144,10.866683,0.12899786,1041.0,36.47058868408203,26.099998474121094,12.941176414489746,90.0,0.12899786233901978
Tue Nov 01 17:42:57 GMT+08:00 2016,01-Nov-2016 17:42:56.806,103.32189314,2.03069386,8.5,11.0,36.0,159.2,-0.41599256,-0.6997054,9.7162695,0.012915254,1016.75,17.254901885986328,30.599998474121094,9.803921699523926,90.0,0.012915253639221191
Tue Nov 01 17:42:58 GMT+08:00 2016,01-Nov-2016 17:42:57.808,103.32193103,2.03063317,8.5,10.0,36.0,158.5,-0.22804771,-0.86131406,9.8042555,0.02253288,950.0,18.431373596191406,30.599998474121094,9.803921699523926,90.0,0.022532880306243896
Tue Nov 01 17:42:59 GMT+08:00 2016,01-Nov-2016 17:42:58.804,103.3219552,2.03057292,8.0,11.0,37.0,160.2,-0.76434886,-1.678934,9.642049,0.019706547,770.5,22.745098114013672,28.799999237060547,9.803921699523926,90.0,0.019706547260284424
Tue Nov 01 17:43:00 GMT+08:00 2016,01-Nov-2016 17:42:59.804,103.32197472,2.03052711,5.75,10.0,38.0,159.5,-0.9780314,-1.6172832,9.626487,0.019027531,639.25,27.45098114013672,20.69999885559082,9.803921699523926,90.0,0.019027531147003174
Tue Nov 01 17:43:01 GMT+08:00 2016,01-Nov-2016 17:43:00.804,103.32198789,2.03049231,4.0,10.0,38.0,164.2,-0.7188591,0.32621,9.955689,0.03703636,723.5,20.0,14.399999618530273,9.803921699523926,90.0,0.037036359310150146
Tue Nov 01 17:43:02 GMT+08:00 2016,01-Nov-2016 17:43:01.804,103.32199511,2.03047824,2.25,10.0,37.0,150.2,-1.2671312,0.30406362,10.022727,0.049283683,801.0,28.627450942993164,8.09999942779541,9.803921699523926,90.0,0.04928368330001831
Tue Nov 01 17:43:03 GMT+08:00 2016,01-Nov-2016 17:43:02.804,103.32200143,2.0304637,1.75,10.0,39.0,144.7,-1.2126632,0.7068881,9.416994,-0.010456681,821.75,28.235294342041016,6.299999713897705,9.803921699523926,90.0,-0.010456681251525879
Tue Nov 01 17:43:04 GMT+08:00 2016,01-Nov-2016 17:43:03.805,103.32201051,2.03045774,2.0,10.0,37.0,129.1,-0.84575176,0.7386112,9.625289,0.00682503,868.25,29.411766052246094,7.199999809265137,10.196078300476074,90.0,0.0068250298500061035
Tue Nov 01 17:43:05 GMT+08:00 2016,01-Nov-2016 17:43:04.807,103.322018,2.03044705,1.75,11.0,39.0,129.3,-1.1546037,1.6968905,10.326791,0.09226984,1261.25,40.0,6.299999713897705,16.078432083129883,90.0,0.09226983785629272
Tue Nov 01 17:43:06 GMT+08:00 2016,01-Nov-2016 17:43:05.806,103.32203034,2.03043132,1.75,12.0,41.0,127.0,-0.7811083,0.670975,9.65821,0.009106755,1409.5,16.47058868408203,6.299999713897705,16.078432083129883,90.0,0.009106755256652832
Tue Nov 01 17:43:07 GMT+08:00 2016,01-Nov-2016 17:43:06.804,103.32204715,2.03042134,2.0,12.0,42.0,118.9,-0.362123,0.8122329,9.66659,0.008542299,1188.25,15.686274528503418,7.199999809265137,9.803921699523926,90.0,0.008542299270629883
Tue Nov 01 17:43:08 GMT+08:00 2016,01-Nov-2016 17:43:07.804,103.3220961,2.0304543,3.5,10.0,42.0,78.6,-0.46447513,0.7158663,9.592369,6.7698956E-4,836.5,19.60784339904785,12.59999942779541,9.803921699523926,90.0,6.769895553588867E-4
Tue Nov 01 17:43:09 GMT+08:00 2016,01-Nov-2016 17:43:08.803,103.32212891,2.03046206,3.5,10.0,43.0,63.8,-0.38606504,0.60333884,9.951499,0.036048234,841.5,19.60784339904785,12.59999942779541,9.803921699523926,90.0,0.03604823350906372
Tue Nov 01 17:43:10 GMT+08:00 2016,01-Nov-2016 17:43:09.804,103.32213661,2.03047628,3.25,11.0,42.0,61.1,-0.5626374,2.1386206,9.487024,0.012001932,852.5,53.72549057006836,11.699999809265137,16.86274528503418,90.0,0.01200193166732788
Tue Nov 01 17:43:11 GMT+08:00 2016,01-Nov-2016 17:43:10.805,103.32216865,2.03048714,3.25,11.0,40.0,72.4,-0.9660604,2.6611552,9.276335,0.007657647,1931.75,43.92156982421875,11.699999809265137,22.352941513061523,90.0,0.007657647132873535
Tue Nov 01 17:43:12 GMT+08:00 2016,01-Nov-2016 17:43:11.806,103.32220379,2.03049842,3.5,10.0,40.0,73.8,-0.14604631,2.4809916,9.691729,0.038909376,2130.25,49.80392074584961,12.59999942779541,22.745098114013672,90.0,0.03890937566757202
Tue Nov 01 17:43:13 GMT+08:00 2016,01-Nov-2016 17:43:12.804,103.32224136,2.03051138,3.75,11.0,39.0,72.8,-0.5009867,2.086547,9.504382,0.012232423,2452.0,49.01960754394531,13.5,22.745098114013672,90.0,0.012232422828674316
Tue Nov 01 17:43:14 GMT+08:00 2016,01-Nov-2016 17:43:13.807,103.32230464,2.03053368,6.25,11.0,40.0,71.2,-0.12210429,1.927931,9.357139,-0.0070480704,1903.75,50.58823776245117,22.5,22.745098114013672,90.0,-0.007048070430755615
Tue Nov 01 17:43:15 GMT+08:00 2016,01-Nov-2016 17:43:14.804,103.32241455,2.03059132,8.0,11.0,39.0,67.5,-0.23702596,1.0498575,9.959879,0.04018885,1700.5,9.803921699523926,28.799999237060547,10.588235855102539,90.0,0.04018884897232056
Tue Nov 01 17:43:16 GMT+08:00 2016,01-Nov-2016 17:43:15.804,103.32247184,2.03061228,7.75,12.0,39.0,68.0,-0.6907272,0.78888947,9.959879,0.03988892,1043.75,13.333333969116211,27.899999618530273,9.803921699523926,90.0,0.03988891839981079
Tue Nov 01 17:43:17 GMT+08:00 2016,01-Nov-2016 17:43:16.804,103.32254696,2.03065544,8.5,12.0,39.0,66.8,0.59017074,-0.83617496,10.029909,0.04672593,983.25,11.372549057006836,30.599998474121094,9.803921699523926,90.0,0.04672592878341675
Tue Nov 01 17:43:18 GMT+08:00 2016,01-Nov-2016 17:43:17.804,103.32262199,2.03068713,8.25,12.0,39.0,66.7,0.34237084,0.59256494,9.648633,0.0050216317,847.5,12.15686321258545,29.69999885559082,9.803921699523926,90.0,0.005021631717681885
Tue Nov 01 17:43:19 GMT+08:00 2016,01-Nov-2016 17:43:18.817,103.32268481,2.03063886,7.75,12.0,39.0,80.6,-0.7703344,1.1121067,9.284714,-0.024551928,796.0,13.72549057006836,27.899999618530273,11.764705657958984,90.0,-0.02455192804336548
Tue Nov 01 17:43:20 GMT+08:00 2016,01-Nov-2016 17:43:19.804,103.32275717,2.03065692,7.75,14.0,37.0,79.8,-0.25737667,1.7699136,9.800066,0.034487665,1617.75,44.313724517822266,27.899999618530273,18.823530197143555,91.0,0.03448766469955444
Tue Nov 01 17:43:21 GMT+08:00 2016,01-Nov-2016 17:43:20.805,103.32284527,2.03066376,8.25,15.0,37.0,82.1,0.26635495,1.6873137,9.813833,0.034432232,1645.0,44.70588302612305,29.69999885559082,19.215686798095703,91.0,0.03443223237991333
Tue Nov 01 17:43:22 GMT+08:00 2016,01-Nov-2016 17:43:21.806,103.32291321,2.03067261,7.5,13.0,38.0,77.9,0.1436521,1.3210008,10.333375,0.08102447,1409.75,32.94117736816406,27.0,16.47058868408203,91.0,0.08102446794509888
Tue Nov 01 17:43:23 GMT+08:00 2016,01-Nov-2016 17:43:22.805,103.32297365,2.03071004,7.75,13.0,38.0,71.4,0.089184016,0.6242881,9.544485,-0.0014529483,985.25,17.254901885986328,27.899999618530273,10.980392456054688,91.0,-0.001452948316000402
Tue Nov 01 17:43:24 GMT+08:00 2016,01-Nov-2016 17:43:23.807,103.32304609,2.03075936,8.0,13.0,37.0,67.4,0.08379706,-1.0265139,9.729437,0.019285142,979.75,17.254901885986328,28.799999237060547,9.803921699523926,91.0,0.019285142421722412
Tue Nov 01 17:43:25 GMT+08:00 2016,01-Nov-2016 17:43:24.803,103.32311225,2.03079932,8.25,13.0,37.0,64.4,0.46327803,0.35254622,9.759963,0.015667677,856.75,18.431373596191406,29.69999885559082,9.803921699523926,91.0,0.01566767692565918
Tue Nov 01 17:43:26 GMT+08:00 2016,01-Nov-2016 17:43:25.804,103.32318019,2.0308566,8.5,14.0,36.0,60.9,0.14425065,-0.25857377,9.987412,0.03753215,858.0,19.215686798095703,30.599998474121094,9.803921699523926,91.0,0.037532150745391846
Tue Nov 01 17:43:27 GMT+08:00 2016,01-Nov-2016 17:43:26.806,103.32327021,2.0308881,9.0,15.0,37.0,63.3,-1.0313023,-0.3357868,9.592968,0.0031065345,793.25,20.39215660095215,32.39999771118164,9.803921699523926,91.0,0.003106534481048584
Tue Nov 01 17:43:28 GMT+08:00 2016,01-Nov-2016 17:43:27.804,103.32335944,2.03087046,8.25,14.0,38.0,72.6,-1.3904326,-1.2234371,9.81084,0.036749303,699.0,31.764705657958984,29.69999885559082,9.803921699523926,91.0,0.036749303340911865
Tue Nov 01 17:43:29 GMT+08:00 2016,01-Nov-2016 17:43:28.804,103.32337839,2.03083982,6.75,15.0,38.0,79.0,-0.19632454,-1.1677719,9.196728,-0.03577578,1097.75,16.47058868408203,24.299999237060547,9.803921699523926,91.0,-0.03577578067779541
Tue Nov 01 17:43:30 GMT+08:00 2016,01-Nov-2016 17:43:29.805,103.32335039,2.03091005,4.75,14.0,39.0,55.1,0.16460137,-0.077811554,9.565434,-0.0057536364,659.25,25.490196228027344,17.100000381469727,9.803921699523926,91.0,-0.005753636360168457
Tue Nov 01 17:43:31 GMT+08:00 2016,01-Nov-2016 17:43:30.804,103.32330278,2.03096156,3.25,14.0,38.0,22.4,0.09876082,0.4973954,9.646837,0.0037254095,858.5,32.54901885986328,11.699999809265137,9.803921699523926,92.0,0.003725409507751465
Tue Nov 01 17:43:32 GMT+08:00 2016,01-Nov-2016 17:43:31.804,103.32331287,2.03103049,4.25,14.0,39.0,11.8,0.40761283,1.18094,9.66659,0.012576461,722.75,33.72549057006836,15.299999237060547,12.15686321258545,92.0,0.012576460838317871
Tue Nov 01 17:43:33 GMT+08:00 2016,01-Nov-2016 17:43:32.805,103.32332106,2.03105581,4.0,14.0,39.0,12.2,0.24420857,1.1402385,9.596559,0.0044379234,908.0,33.33333206176758,14.399999618530273,12.941176414489746,92.0,0.004437923431396484
Tue Nov 01 17:43:34 GMT+08:00 2016,01-Nov-2016 17:43:33.804,103.32334106,2.03106439,3.25,14.0,39.0,22.2,0.040102877,0.99658644,9.572617,8.422136E-5,748.0,23.92156982421875,11.699999809265137,9.803921699523926,92.0,8.422136306762695E-5
Tue Nov 01 17:43:35 GMT+08:00 2016,01-Nov-2016 17:43:34.806,103.32339268,2.0310553,3.25,14.0,40.0,50.2,0.5746084,1.5304934,9.482236,-1.5091896E-4,847.75,35.29411697387695,11.699999809265137,14.117647171020508,93.0,-1.5091896057128906E-4
Tue Nov 01 17:43:36 GMT+08:00 2016,01-Nov-2016 17:43:35.804,103.32342812,2.03105485,3.25,14.0,41.0,58.9,0.34476504,2.0787656,9.551667,0.016077757,1400.75,47.8431396484375,11.699999809265137,16.86274528503418,93.0,0.016077756881713867
Tue Nov 01 17:43:37 GMT+08:00 2016,01-Nov-2016 17:43:36.804,103.32339351,2.03106014,1.75,15.0,43.0,42.7,0.09935937,0.80445176,9.623494,0.0034617186,1513.25,40.39215850830078,6.299999713897705,14.117647171020508,93.0,0.0034617185592651367
Tue Nov 01 17:43:38 GMT+08:00 2016,01-Nov-2016 17:43:37.804,103.32345461,2.03107504,3.0,14.0,42.0,64.9,-0.8002619,0.5506664,9.590573,0.0016344786,1194.5,12.15686321258545,10.799999237060547,9.803921699523926,93.0,0.0016344785690307617
Tue Nov 01 17:43:39 GMT+08:00 2016,01-Nov-2016 17:43:38.804,103.32351365,2.03111458,4.5,14.0,41.0,62.5,-0.9223662,0.587178,9.796474,0.02382201,938.25,18.823530197143555,16.19999885559082,9.803921699523926,93.0,0.023822009563446045
Tue Nov 01 17:43:40 GMT+08:00 2016,01-Nov-2016 17:43:39.804,103.32354092,2.03110991,4.25,12.0,43.0,62.0,0.03232172,-0.40102878,9.931747,0.032240808,832.0,18.823530197143555,15.299999237060547,9.803921699523926,93.0,0.03224080801010132
Tue Nov 01 17:43:41 GMT+08:00 2016,01-Nov-2016 17:43:40.804,103.32357689,2.03110816,4.25,12.0,43.0,65.9,0.6075287,-0.5267244,9.733627,0.014594436,792.5,21.176471710205078,15.299999237060547,9.803921699523926,93.0,0.014594435691833496
Tue Nov 01 17:43:42 GMT+08:00 2016,01-Nov-2016 17:43:41.804,103.3236173,2.03112682,4.25,13.0,43.0,62.0,0.59017074,-0.60094464,9.977237,0.03966528,792.25,20.784313201904297,15.299999237060547,9.803921699523926,93.0,0.039665281772613525
Tue Nov 01 17:43:43 GMT+08:00 2016,01-Nov-2016 17:43:42.805,103.32365237,2.03113849,4.25,14.0,41.0,64.6,0.95827925,0.5758055,9.813833,0.025860965,832.5,27.843137741088867,15.299999237060547,9.803921699523926,93.0,0.025860965251922607
Tue Nov 01 17:43:44 GMT+08:00 2016,01-Nov-2016 17:43:43.804,103.32368656,2.03112383,4.25,14.0,39.0,79.4,1.4161704,1.7806876,9.837176,0.04824072,1455.25,34.509803771972656,15.299999237060547,16.078432083129883,93.0,0.048240721225738525
Tue Nov 01 17:43:45 GMT+08:00 2016,01-Nov-2016 17:43:44.804,103.32371574,2.03110216,4.0,13.0,38.0,96.1,1.2096704,2.171541,9.076419,-0.021708846,1476.75,34.11764907836914,14.399999618530273,16.078432083129883,93.0,-0.02170884609222412
Tue Nov 01 17:43:46 GMT+08:00 2016,01-Nov-2016 17:43:45.805,103.32374032,2.03106969,3.5,12.0,40.0,116.5,0.9403227,2.011728,9.31105,-0.0052411556,1820.0,48.6274528503418,12.59999942779541,20.39215660095215,93.0,-0.0052411556243896484
Tue Nov 01 17:43:47 GMT+08:00 2016,01-Nov-2016 17:43:46.804,103.32376645,2.03103533,4.0,12.0,39.0,123.2,0.4405331,1.721431,9.800665,0.034335673,2216.0,46.27450942993164,14.399999618530273,21.176471710205078,93.0,0.0343356728553772
Tue Nov 01 17:43:48 GMT+08:00 2016,01-Nov-2016 17:43:47.804,103.3237809,2.03098433,4.5,11.0,39.0,143.2,0.15981296,1.8273745,9.654019,0.020706952,1783.75,45.882354736328125,16.19999885559082,21.568628311157227,93.0,0.02070695161819458
Tue Nov 01 17:43:49 GMT+08:00 2016,01-Nov-2016 17:43:48.804,103.32377108,2.03084255,6.5,10.0,42.0,158.7,-0.33877954,1.5394717,9.446322,-0.004757583,1789.25,51.764705657958984,23.399999618530273,21.568628311157227,93.0,-0.004757583141326904
Tue Nov 01 17:43:50 GMT+08:00 2016,01-Nov-2016 17:43:49.804,103.32374468,2.03078294,7.5,10.0,41.0,161.8,-0.56084174,1.6525977,9.993997,0.053171694,1871.75,51.37255096435547,27.0,21.568628311157227,93.0,0.05317169427871704
Tue Nov 01 17:43:51 GMT+08:00 2016,01-Nov-2016 17:43:50.804,103.32376288,2.03073131,7.25,10.0,41.0,161.6,-0.81642276,1.6639702,9.274539,-0.016889036,1905.25,50.98039245605469,26.099998474121094,21.568628311157227,93.0,-0.01688903570175171
Tue Nov 01 17:43:52 GMT+08:00 2016,01-Nov-2016 17:43:51.804,103.32379635,2.03064199,8.75,10.0,41.0,159.6,0.006584055,0.92655605,9.639654,0.006164491,1921.25,50.58823776245117,31.5,13.72549057006836,93.0,0.006164491176605225
Tue Nov 01 17:43:53 GMT+08:00 2016,01-Nov-2016 17:43:52.804,103.32382794,2.03057366,9.0,10.0,40.0,159.6,0.17657238,-0.2741361,9.813234,0.019881785,1204.25,12.941176414489746,32.39999771118164,9.803921699523926,93.0,0.019881784915924072
Tue Nov 01 17:43:54 GMT+08:00 2016,01-Nov-2016 17:43:53.805,103.32386073,2.03051662,8.75,10.0,41.0,157.1,-0.017956512,0.7637503,9.495404,-0.00994122,1046.0,10.980392456054688,31.5,9.803921699523926,93.0,-0.0099412202835083
Tue Nov 01 17:43:55 GMT+08:00 2016,01-Nov-2016 17:43:54.803,103.32387909,2.03046339,8.0,10.0,42.0,154.1,0.10414778,0.207697,9.771336,0.015340149,836.75,18.823530197143555,28.799999237060547,9.803921699523926,93.0,0.015340149402618408
Tue Nov 01 17:43:56 GMT+08:00 2016,01-Nov-2016 17:43:55.806,103.32390312,2.03040436,7.0,10.0,42.0,157.5,0.31364042,1.2108675,9.7402115,0.020039499,1211.0,57.25490188598633,25.19999885559082,20.39215660095215,93.0,0.020039498805999756
Tue Nov 01 17:43:57 GMT+08:00 2016,01-Nov-2016 17:43:56.805,103.32393415,2.03035355,7.0,10.0,43.0,154.2,-1.4024036,1.6041151,9.2865095,-0.009765506,1816.0,59.2156867980957,25.19999885559082,23.13725471496582,94.0,-0.00976550579071045
Tue Nov 01 17:43:58 GMT+08:00 2016,01-Nov-2016 17:43:57.804,103.32397471,2.03029982,7.0,10.0,44.0,151.2,-0.9247604,1.5777789,9.69113,0.024318874,1814.75,59.607845306396484,25.19999885559082,23.13725471496582,94.0,0.0243188738822937
Tue Nov 01 17:43:59 GMT+08:00 2016,01-Nov-2016 17:43:58.804,103.32402438,2.03024225,7.75,10.0,46.0,142.0,-1.210269,1.103727,9.642049,0.015960991,1801.75,48.235294342041016,27.899999618530273,18.431373596191406,94.0,0.015960991382598877
Tue Nov 01 17:44:00 GMT+08:00 2016,01-Nov-2016 17:43:59.804,103.32407195,2.03018862,8.25,10.0,46.0,135.7,-0.19871874,0.88286185,9.794081,0.02162987,1275.25,21.176471710205078,29.69999885559082,14.117647171020508,94.0,0.02162986993789673
Tue Nov 01 17:44:01 GMT+08:00 2016,01-Nov-2016 17:44:00.805,103.32412358,2.03014124,8.25,10.0,47.0,132.7,-0.6631939,0.9876082,9.5253315,-0.0024750829,1067.25,40.0,29.69999885559082,15.29411792755127,94.0,-0.0024750828742980957
Tue Nov 01 17:44:02 GMT+08:00 2016,01-Nov-2016 17:44:01.805,103.32418042,2.03008791,8.5,11.0,46.0,128.1,-1.055843,0.533907,9.406818,-0.01454407,1142.75,36.47058868408203,30.599998474121094,12.549019813537598,94.0,-0.014544069766998291
Tue Nov 01 17:44:03 GMT+08:00 2016,01-Nov-2016 17:44:02.804,103.32425004,2.03003549,8.75,11.0,46.0,127.1,-1.3455414,1.1707647,9.588778,0.013214707,1297.75,51.37255096435547,31.5,12.941176414489746,95.0,0.013214707374572754
Tue Nov 01 17:44:04 GMT+08:00 2016,01-Nov-2016 17:44:03.806,103.32433392,2.02998024,9.25,12.0,45.0,124.0,-2.4720132,0.6314707,10.6954975,0.1398564,1270.5,54.11764907836914,33.29999923706055,18.823530197143555,95.0,0.13985639810562134
Tue Nov 01 17:44:05 GMT+08:00 2016,01-Nov-2016 17:44:04.804,103.32444803,2.02995204,10.0,13.0,44.0,114.7,-1.5819688,1.0720038,9.825205,0.039317906,1227.0,55.29411697387695,36.0,19.215686798095703,95.0,0.03931790590286255
Tue Nov 01 17:44:06 GMT+08:00 2016,01-Nov-2016 17:44:05.805,103.32454993,2.02993731,9.25,11.0,44.0,106.4,-1.1348516,1.5556326,9.706693,0.02775079,1475.75,67.05882263183594,33.29999923706055,23.52941131591797,95.0,0.027750790119171143
Tue Nov 01 17:44:07 GMT+08:00 2016,01-Nov-2016 17:44:06.805,103.32463877,2.02991737,9.0,11.0,43.0,101.4,-1.2348095,1.5616181,9.561843,0.014605999,1858.5,60.7843132019043,32.39999771118164,23.52941131591797,95.0,0.014605998992919922
Tue Nov 01 17:44:08 GMT+08:00 2016,01-Nov-2016 17:44:07.804,103.324714,2.02992166,9.0,11.0,43.0,95.3,-1.0426749,1.3976152,9.5971575,0.01331979,1846.25,60.7843132019043,32.39999771118164,23.92156982421875,95.0,0.013319790363311768
Tue Nov 01 17:44:09 GMT+08:00 2016,01-Nov-2016 17:44:08.804,103.32482137,2.02991838,9.5,11.0,44.0,88.3,0.17357962,1.4383167,9.112331,-0.040451646,1849.0,58.82353210449219,34.20000076293945,23.92156982421875,95.0,-0.040451645851135254
Tue Nov 01 17:44:10 GMT+08:00 2016,01-Nov-2016 17:44:09.803,103.32492193,2.02995918,10.5,11.0,44.0,78.0,-0.82779527,0.6344634,9.331401,-0.023863792,1307.0,18.039215087890625,37.79999923706055,10.196078300476074,95.0,-0.023863792419433594
Tue Nov 01 17:44:11 GMT+08:00 2016,01-Nov-2016 17:44:10.804,103.32502907,2.02998882,10.5,11.0,44.0,75.2,-0.3369839,1.246182,9.797672,0.026375473,1399.5,52.54901885986328,37.79999923706055,21.176471710205078,95.0,0.02637547254562378
Tue Nov 01 17:44:12 GMT+08:00 2016,01-Nov-2016 17:44:11.804,103.32510151,2.03001168,10.25,11.0,45.0,73.2,0.9091981,-0.14544775,8.938752,-0.06499094,1507.75,60.0,36.89999771118164,21.960784912109375,95.0,-0.06499093770980835
Tue Nov 01 17:44:13 GMT+08:00 2016,01-Nov-2016 17:44:12.804,103.32520551,2.03004727,10.5,11.0,45.0,72.5,0.09756372,1.3611037,9.440936,-0.008620262,1534.75,58.039215087890625,37.79999923706055,21.960784912109375,95.0,-0.008620262145996094
Tue Nov 01 17:44:14 GMT+08:00 2016,01-Nov-2016 17:44:13.804,103.32531939,2.03010704,11.5,12.0,45.0,69.1,0.6063316,1.5065514,10.116699,0.06346637,1539.75,57.64706039428711,41.39999771118164,21.960784912109375,96.0,0.06346637010574341
Tue Nov 01 17:44:15 GMT+08:00 2016,01-Nov-2016 17:44:14.804,103.32539504,2.03012874,11.0,12.0,43.0,72.7,-0.59376204,2.1051018,11.798626,0.2422058,1564.25,55.29411697387695,39.599998474121094,18.039215087890625,96.0,0.24220579862594604
Tue Nov 01 17:44:16 GMT+08:00 2016,01-Nov-2016 17:44:15.805,103.32546324,2.03013842,10.25,13.0,44.0,74.9,-0.0035913025,1.4879963,10.499771,0.10000759,1571.5,34.11764907836914,36.89999771118164,16.078432083129883,96.0,0.10000759363174438
Tue Nov 01 17:44:17 GMT+08:00 2016,01-Nov-2016 17:44:16.804,103.32553915,2.03020277,10.5,13.0,45.0,68.7,0.7781156,1.0516531,9.701904,0.016931474,1668.0,44.313724517822266,37.79999923706055,18.039215087890625,96.0,0.016931474208831787
Tue Nov 01 17:44:18 GMT+08:00 2016,01-Nov-2016 17:44:17.804,103.32567818,2.03020563,11.75,12.0,46.0,79.3,0.99179804,1.1653777,9.837775,0.03389114,1592.75,45.09804153442383,42.29999923706055,18.431373596191406,96.0,0.033891141414642334
Tue Nov 01 17:44:19 GMT+08:00 2016,01-Nov-2016 17:44:18.804,103.32579014,2.0302067,11.75,11.0,48.0,83.4,-0.32441434,1.4185646,9.900024,0.03902036,1527.0,49.411766052246094,42.29999923706055,18.823530197143555,96.0,0.0390203595161438
Tue Nov 01 17:44:20 GMT+08:00 2016,01-Nov-2016 17:44:19.804,103.3259243,2.03022278,12.75,11.0,46.0,84.1,0.43754035,1.7208325,9.566033,0.010786355,1490.5,58.82353210449219,45.89999771118164,19.215686798095703,96.0,0.010786354541778564
Tue Nov 01 17:44:21 GMT+08:00 2016,01-Nov-2016 17:44:20.804,103.32602224,2.0302179,12.0,11.0,46.0,87.5,0.8822633,0.79726917,9.861717,0.04291695,1536.5,62.352943420410156,43.19999694824219,18.039215087890625,96.0,0.04291694983839989
Tue Nov 01 17:44:22 GMT+08:00 2016,01-Nov-2016 17:44:21.804,103.3261301,2.03021234,11.75,10.0,50.0,91.3,1.1019313,0.027533319,9.977836,0.009613723,1375.75,13.72549057006836,42.29999923706055,9.803921699523926,96.0,0.009613722562789917
Tue Nov 01 17:44:23 GMT+08:00 2016,01-Nov-2016 17:44:22.804,103.32623374,2.03020161,11.5,10.0,51.0,93.9,0.84455466,0.32800564,9.218874,-0.03673017,1144.75,14.509803771972656,41.39999771118164,9.803921699523926,96.0,-0.036730170249938965
Tue Nov 01 17:44:24 GMT+08:00 2016,01-Nov-2016 17:44:23.804,103.32630487,2.03018128,10.5,11.0,51.0,95.5,1.1617863,1.5927427,9.564836,0.014503777,1736.5,41.17647171020508,37.79999923706055,21.568628311157227,96.0,0.014503777027130127
Tue Nov 01 17:44:25 GMT+08:00 2016,01-Nov-2016 17:44:24.804,103.32638286,2.03015374,9.5,10.0,53.0,101.7,0.40701428,1.9357121,10.348937,0.09303433,1917.75,61.17647171020508,34.20000076293945,25.882352828979492,96.0,0.09303432703018188
Tue Nov 01 17:44:26 GMT+08:00 2016,01-Nov-2016 17:44:25.804,103.32646554,2.03011943,9.75,10.0,52.0,109.0,-0.16400282,0.97623575,9.650429,0.007895708,1145.0,37.25490188598633,35.099998474121094,12.549019813537598,96.0,0.007895708084106445
Tue Nov 01 17:44:27 GMT+08:00 2016,01-Nov-2016 17:44:26.804,103.32655148,2.03008494,10.0,11.0,52.0,110.0,-0.046686932,-0.2705448,9.690532,0.0072181225,1064.75,17.254901885986328,36.0,9.803921699523926,96.0,0.007218122482299805
Tue Nov 01 17:44:28 GMT+08:00 2016,01-Nov-2016 17:44:27.811,103.32662126,2.03003005,9.75,12.0,52.0,116.9,0.16340427,-0.57640404,9.551667,-0.044852257,978.75,18.823530197143555,35.099998474121094,9.803921699523926,96.0,-0.044852256774902344
Tue Nov 01 17:44:29 GMT+08:00 2016,01-Nov-2016 17:44:28.806,103.32668478,2.03003621,8.25,12.0,53.0,109.4,0.4357447,-0.7613561,10.199898,0.06258315,712.75,25.098039627075195,29.69999885559082,9.803921699523926,96.0,0.06258314847946167
Tue Nov 01 17:44:30 GMT+08:00 2016,01-Nov-2016 17:44:29.804,103.32672391,2.03003495,5.5,10.0,52.0,110.5,-0.047285482,-1.0013748,9.979631,0.04141146,649.75,24.3137264251709,19.799999237060547,9.803921699523926,96.0,0.04141145944595337
Tue Nov 01 17:44:31 GMT+08:00 2016,01-Nov-2016 17:44:30.804,103.32674385,2.03003363,3.75,10.0,52.0,106.6,0.7110779,3.0113072,9.476849,0.035224736,875.0,30.980392456054688,13.5,18.039215087890625,96.0,0.035224735736846924
Tue Nov 01 17:44:32 GMT+08:00 2016,01-Nov-2016 17:44:31.804,103.32676193,2.03003443,3.0,11.0,52.0,111.2,1.6412252,2.9173348,9.068039,0.0043328404,1894.5,52.94117736816406,10.799999237060547,26.666667938232422,96.0,0.004332840442657471
Tue Nov 01 17:44:33 GMT+08:00 2016,01-Nov-2016 17:44:32.806,103.32676342,2.03001347,2.5,10.0,52.0,131.8,2.8395233,2.801216,9.005191,0.022977412,1685.5,60.7843132019043,9.0,23.52941131591797,97.0,0.02297741174697876
Tue Nov 01 17:44:34 GMT+08:00 2016,01-Nov-2016 17:44:33.806,103.32677971,2.02998056,3.25,11.0,52.0,145.3,2.6084828,2.3122003,9.740809,0.073609054,2009.5,59.2156867980957,11.699999809265137,25.490196228027344,97.0,0.07360905408859253
Tue Nov 01 17:44:35 GMT+08:00 2016,01-Nov-2016 17:44:34.805,103.32677381,2.02993182,5.25,9.0,56.0,180.4,0.5805939,2.7760768,9.645041,0.043809712,2435.25,68.62744903564453,18.899999618530273,29.019607543945313,97.0,0.043809711933135986
Tue Nov 01 17:44:36 GMT+08:00 2016,01-Nov-2016 17:44:35.807,103.32676556,2.02987673,5.75,10.0,56.0,188.0,0.3549404,3.3051953,9.200318,0.016190708,2799.25,68.62744903564453,20.69999885559082,32.94117736816406,97.0,0.016190707683563232
Tue Nov 01 17:44:37 GMT+08:00 2016,01-Nov-2016 17:44:36.804,103.32675659,2.02981669,6.5,10.0,55.0,196.5,0.16639702,2.5971103,9.183559,-0.007995129,3168.5,67.45098114013672,23.399999618530273,32.94117736816406,97.0,-0.007995128631591797
Tue Nov 01 17:44:38 GMT+08:00 2016,01-Nov-2016 17:44:37.804,103.32673553,2.02973261,8.0,11.0,54.0,200.6,0.3477578,1.8608932,9.444528,8.9508295E-4,2413.0,70.98039245605469,28.799999237060547,32.94117736816406,97.0,8.95082950592041E-4
Tue Nov 01 17:44:39 GMT+08:00 2016,01-Nov-2016 17:44:38.805,103.32669588,2.029623,10.25,11.0,54.0,202.2,0.1921347,2.0608091,9.267955,-0.012982309,2543.0,69.80392456054688,36.89999771118164,31.764705657958984,97.0,-0.012982308864593506
Tue Nov 01 17:44:40 GMT+08:00 2016,01-Nov-2016 17:44:39.804,103.3266426,2.02948831,13.25,10.0,53.0,202.8,-0.2160767,1.608305,9.701305,0.021659434,2847.25,46.27450942993164,47.69999694824219,24.3137264251709,97.0,0.021659433841705322
Tue Nov 01 17:44:41 GMT+08:00 2016,01-Nov-2016 17:44:40.804,103.32658361,2.02935909,14.25,10.0,52.0,203.8,0.6302736,0.7386112,9.475652,-0.010024548,1955.25,44.313724517822266,51.29999923706055,20.0,97.0,-0.010024547576904297
Tue Nov 01 17:44:42 GMT+08:00 2016,01-Nov-2016 17:44:41.804,103.32651846,2.02922946,14.75,11.0,51.0,204.7,0.28909984,0.65780693,9.572617,-0.0024530888,1683.75,38.431373596191406,53.099998474121094,18.039215087890625,97.0,-0.0024530887603759766
Tue Nov 01 17:44:43 GMT+08:00 2016,01-Nov-2016 17:44:42.806,103.32645447,2.02909829,16.0,10.0,52.0,204.4,0.092176765,0.7517793,9.786898,0.019628108,1470.5,8.627450942993164,57.599998474121094,9.803921699523926,97.0,0.01962810754776001
Tue Nov 01 17:44:44 GMT+08:00 2016,01-Nov-2016 17:44:43.805,103.32639826,2.02895187,16.25,10.0,53.0,204.0,0.4225766,0.025139118,9.2494,-0.037158847,1362.25,9.411765098571777,58.5,9.803921699523926,97.0,-0.037158846855163574
Tue Nov 01 17:44:45 GMT+08:00 2016,01-Nov-2016 17:44:44.805,103.32633357,2.02882257,16.25,10.0,53.0,205.0,-0.55844754,0.41599256,9.787497,0.019228041,1424.75,7.843137264251709,58.5,9.803921699523926,97.0,0.019228041172027588
Tue Nov 01 17:44:46 GMT+08:00 2016,01-Nov-2016 17:44:45.804,103.32627869,2.02868985,16.25,10.0,52.0,205.3,-0.5434838,0.64463884,9.658808,0.0073322654,1422.25,7.843137264251709,58.5,9.803921699523926,97.0,0.007332265377044678
Tue Nov 01 17:44:47 GMT+08:00 2016,01-Nov-2016 17:44:46.806,103.32622645,2.02855021,16.25,10.0,53.0,205.6,0.13946225,0.25797522,9.667188,0.0048954487,1403.75,7.843137264251709,58.5,9.803921699523926,97.0,0.004895448684692383
Tue Nov 01 17:44:48 GMT+08:00 2016,01-Nov-2016 17:44:47.804,103.32614527,2.02843443,16.25,10.0,52.0,206.4,-0.2184709,0.03232172,9.348161,-0.0278126,1386.0,7.843137264251709,58.5,9.803921699523926,98.0,-0.027812600135803223
Tue Nov 01 17:44:49 GMT+08:00 2016,01-Nov-2016 17:44:48.804,103.32608788,2.02830104,16.0,9.0,53.0,206.8,-0.11971009,-0.260968,10.362703,-0.035586715,1268.25,12.549019813537598,57.599998474121094,9.803921699523926,98.0,-0.03558671474456787
Tue Nov 01 17:44:50 GMT+08:00 2016,01-Nov-2016 17:44:49.806,103.3260144,2.02817661,15.75,10.0,53.0,207.8,0.10594343,0.7637503,9.917382,0.03299707,1313.5,12.941176414489746,56.69999694824219,9.803921699523926,98.0,0.032997071743011475
Tue Nov 01 17:44:51 GMT+08:00 2016,01-Nov-2016 17:44:50.804,103.32594293,2.02805428,15.25,10.0,52.0,208.7,0.30166942,-0.7691373,9.89763,0.03144151,1215.75,14.117647171020508,54.89999771118164,9.803921699523926,98.0,0.03144150972366333
Tue Nov 01 17:44:52 GMT+08:00 2016,01-Nov-2016 17:44:51.804,103.32587114,2.02793403,15.25,11.0,51.0,208.9,-0.038905777,-1.003769,9.336788,-0.023745239,1085.5,16.47058868408203,54.89999771118164,9.803921699523926,98.0,-0.023745238780975342
Tue Nov 01 17:44:53 GMT+08:00 2016,01-Nov-2016 17:44:52.804,103.32579455,2.02786915,12.75,10.0,50.0,214.1,0.08080431,-0.110133275,9.932345,0.031567156,912.0,16.86274528503418,45.89999771118164,9.803921699523926,98.0,0.031567156314849854
Tue Nov 01 17:44:54 GMT+08:00 2016,01-Nov-2016 17:44:53.806,103.3257337,2.02779535,10.75,10.0,50.0,213.3,-0.45070848,-0.7068881,9.520543,-0.006751001,844.0,18.823530197143555,38.70000076293945,9.803921699523926,98.0,-0.006751000881195068
Tue Nov 01 17:44:55 GMT+08:00 2016,01-Nov-2016 17:44:54.804,103.32569003,2.02770752,9.5,10.0,50.0,211.1,0.41359833,-1.0426749,9.51755,-0.0040965676,757.25,21.960784912109375,34.20000076293945,9.803921699523926,98.0,-0.004096567630767822
Tue Nov 01 17:44:56 GMT+08:00 2016,01-Nov-2016 17:44:55.805,103.32564596,2.0276591,7.75,10.0,49.0,213.0,1.6519991,-0.51834464,9.882068,0.041691005,637.75,24.705883026123047,27.899999618530273,9.803921699523926,98.0,0.04169100522994995
Tue Nov 01 17:44:57 GMT+08:00 2016,01-Nov-2016 17:44:56.804,103.32560835,2.02762522,6.75,10.0,47.0,217.4,1.9560628,-0.0700304,9.843162,0.042025626,798.0,29.803922653198242,24.299999237060547,9.803921699523926,98.0,0.042025625705718994
Tue Nov 01 17:44:58 GMT+08:00 2016,01-Nov-2016 17:44:57.804,103.32557006,2.02758424,6.5,11.0,48.0,223.8,1.3239936,-1.0193313,9.923966,0.04485649,1149.5,21.568628311157227,23.399999618530273,9.803921699523926,98.0,0.044856488704681396
Tue Nov 01 17:44:59 GMT+08:00 2016,01-Nov-2016 17:44:58.807,103.32554458,2.02760034,4.0,10.0,48.0,258.7,0.19393034,-0.27832595,11.186908,0.15988165,911.75,20.39215660095215,14.399999618530273,9.803921699523926,98.0,-0.058299124240875244
Tue Nov 01 17:45:00 GMT+08:00 2016,01-Nov-2016 17:44:59.805,103.32552663,2.02759632,3.75,11.0,49.0,265.9,0.11851298,-0.44472298,9.785701,0.01762563,909.75,20.0,13.5,9.803921699523926,98.0,0.017625629901885986
Tue Nov 01 17:45:01 GMT+08:00 2016,01-Nov-2016 17:45:00.805,103.32550875,2.02760271,3.25,11.0,48.0,284.8,0.09995792,1.0307038,9.674969,0.0108683705,701.5,26.27450942993164,11.699999809265137,9.803921699523926,98.0,0.010868370532989502
Tue Nov 01 17:45:02 GMT+08:00 2016,01-Nov-2016 17:45:01.805,103.32545281,2.02761566,4.25,12.0,48.0,282.7,-0.21428105,-0.44711718,9.4774475,-0.013578236,682.0,25.098039627075195,15.299999237060547,9.803921699523926,98.0,-0.013578236103057861
Tue Nov 01 17:45:03 GMT+08:00 2016,01-Nov-2016 17:45:02.808,103.32544991,2.02763072,3.0,14.0,48.0,289.5,-0.029927522,1.2545617,9.339781,-0.0203771,683.0,24.3137264251709,10.799999237060547,9.803921699523926,98.0,-0.02037709951400757
